"Cmd.","Sub cmd.","Data","Description","Band"
"00","","see p. 10","Send frequency data (transceive)",""
"01","","see p. 10","Send mode data (transceive)",""
"02","","see p. 10","Read band edge frequencies",""
"03","","see p. 10","Read operating frequency",""
"04","","see p. 10","Read operating mode",""
"05","","see p. 10","Set operating frequency",""
"06","","see p. 10","Set operating mode",""
"07","B0","","Exchange main and sub bands","29"
"07","B1","","Equalize main and sub bands","29"
"07","C0","","Turn OFF Dualwatch","29"
"07","C1","","Turn ON Dualwatch","29"
"07","C2","00 or 01","Send/read the dualwatch setting (00=OFF, 01=ON)","29"
"07","D0","","Select the main band","29"
"07","D1","","Select the sub band","29"
"07","D2","00","Send/read main band selection","29"
"07","D2","01","Send/read sub band selection","29"
"07","","","Select the VFO mode","29"
"08","01","00","Select program scan edge channel P1",""
"08","01","01","Select program scan edge channel P2",""
"08","","","Select the Memory mode",""
"08","","0001 to 0099","Select the Memory channel (Including the satellite mode) (0001=M-CH01, 0099=M-CH99)",""
"09","","","Memory write",""
"0A","","","Memory copy to VFO",""
"0B","","","Memory clear",""
"0E","00","","Cancel the scan",""
"0E","01","","Start a Programmed/memory scan",""
"0E","02","","Start a Programmed scan",""
"0E","03","","Start a ∂ F scan",""
"0E","12","","Start a Fine programmed scan",""
"0E","13","","Start a Fine ∂ F scan",""
"0E","22","","Start a Memory scan",""
"0E","23","","Start a Select memory scan",""
"0E","24","","Start a Mode Select scan",""
"0E","B0","","Clear the Select channel setting",""
"0E","B1","","Set as select channel (The previously set number by CI-V is set after turning power ON, or ""1"" is selected if no selection is performed.)",""
"0E","B1","01 to 03","Set the channel as a Select channel (01=SEL1, 02=SEL2, 03=SEL3)",""
"0E","B2","00 to 03","Set the Select memory scan channel (00=ALL, 01=SEL1, 02=SEL2, 03=SEL3)",""
"0E","D0","","Set Scan resume OFF",""
"0E","D3","","Set Scan resume ON (Close&Delay)",""
"0E","Ax","x=1 to 7","Select ∂ F scan span (x=1: ±5 kHz, x=2: ±10 kHz, x=3: ±20 kHz, x=4: ±50 kHz, x=5: ±100 kHz, x=6: ±500 kHz, x=7: ±1 MHz)",""
"0F","00","","Read Split OFF setting",""
"0F","01","","Read Split ON setting",""
"0F","10","","Set the simplex operation",""
"0F","11","","Read DUP– operation",""
"0F","12","","Read DUP+ operation",""
"10","","00 to 11","Send/read the tuning step (00=OFF (10 Hz or 1 Hz), 01=100 Hz, 02=500 Hz, 03=1 kHz, 04=5 kHz, 05=6.25 kHz, 06=10 kHz, 07=12.5 kHz, 08=20 kHz, 09=25 kHz, 10=50 kHz, 11=100 kHz)",""
"11","00","","Send/read attenuator OFF setting","29"
"11","03","","Send/read 3 dB attenuator setting","29"
"11","06","","Send/read 6 dB attenuator setting","29"
"11","09","","Send/read 9 dB attenuator setting","29"
"11","12","","Send/read 12 dB attenuator setting","29"
"11","15","","Send/read 15 dB attenuator setting","29"
"11","18","","Send/read 18 dB attenuator setting","29"
"11","21","","Send/read 21 dB attenuator setting","29"
"11","24","","Send/read 24 dB attenuator setting","29"
"11","27","","Send/read 27 dB attenuator setting","29"
"11","30","","Send/read 30 dB attenuator setting","29"
"11","33","","Send/read 33 dB attenuator setting","29"
"11","36","","Send/read 36 dB attenuator setting","29"
"11","39","","Send/read 39 dB attenuator setting","29"
"11","42","","Send/read 42 dB attenuator setting","29"
"11","45","","Send/read 45 dB attenuator setting","29"
"12","00","00 or 01","Select/read ANT1 selection (00=RX ANT OFF, 01=RX ANT ON)","29"
"12","01","00 or 01","Select/read ANT2 selection (00=RX ANT OFF, 01=RX ANT ON)","29"
"13","00","","Speech all data with voice synthesizer (S meter level, frequency and mode)",""
"13","01","","Speech the operating frequency and S meter level by voice synthesizer",""
"13","02","","Speech the operating mode by voice synthesizer (The mode is announced after the ongoing speech)",""
"14","01","00 00 ~ 02 55","Send/read the AF level (00 00=min. ~ 02 55=max.)","29"
"14","02","00 00 ~ 02 55","Send/read the RF gain level (00 00=min. ~ 02 55=max.)","29"
"14","03","00 00 ~ 02 55","Send/read the squelch level (00 00=min. ~ 02 55=max.)","29"
"14","05","00 00 ~ 02 55","Send/read the APF position (10 Hz steps) ( 00 00=Pitch–550 Hz, 01 28=Pitch","29"
"14","06","00 00 ~ 02 55","Send/read the NR level (00 00=0%, 02 55=100%)","29"
"14","07","00 00 ~ 02 55","Send/read inner [TWIN PBT] position ( 00 00=max. CCW, 01 28=center","29"
"14","08","00 00 ~ 02 55","Send/read outer [TWIN PBT] position ( 00 00=max. Counter Clockwise, 01 28=center","29"
"14","09","00 00 ~ 02 55","Send/read CW pitch (5 Hz steps) ( 00 00=300 Hz, 01 28=600 Hz, 02 55=900 Hz)",""
"14","0A","00 00 ~ 02 55","Send/read RF power ( 00 00=min. ~ 02 55=max.)",""
"14","0B","00 00 ~ 02 55","Send/read MIC gain ( 00 00=min. ~ 02 55=max.)",""
"14","0C","00 00 ~ 02 55","Send/read keying speed (00 00=6 wpm ~ 02 55=48 wpm)",""
"14","0D","00 00 ~ 02 55","Send/read Notch filter setting ( 00 00=max. Counter Clockwise, 01 28=center","29"
"14","0E","00 00 ~ 02 55","Send/read the COMP level (00 00=0 ~ 02 55=10)",""
"14","0F","00 00 ~ 02 55","Send/read the Break-IN Delay setting (00 00=2.0 d ~ 02 55=13.0 d)",""
"14","12","00 00 ~ 02 55","Send/read NB level (00 00=0% ~ 02 55=100%)","29"
"14","13","00 00 ~ 02 55","Send/read the DIGI-SEL shift amount (00 00=min. ~ 02 55=max.)","29"
"14","14","00 00 ~ 02 55","Send/read DRIVE gain (00 00=0% ~ 02 55=100%)",""
"14","15","00 00 ~ 02 55","Send/read Monitor audio [MONI] level (00 00=0% ~ 02 55=100%)",""
"14","16","00 00 ~ 02 55","Send/read the VOX gain (00 00=0% ~ 02 55=100%)",""
"14","17","00 00 ~ 02 55","Send/read the Anti VOX gain (00 00=0% ~ 02 55=100%)",""
"14","19","00 00 ~ 02 55","Send/read LCD backlight brightness (00 00=0% ~ 02 55=100%)",""
"15","00","00 ~ 02 55","Read Vd meter level (00 00=0 V, 01 51=10 V, 02 11=16 V)",""
"15","01","00 or 01","Read noise or S-meter squelch status (00=Close, 01=Open)","29"
"15","02","00 00 ~ 02 55","Read S-meter level (00 00=S0, 01 20=S9, 02 41=S9+60 dB)","29"
"15","05","00 or 01","Read various squelch (tone squelch, and so (00=Close, 01=Open)","29"
"15","07","00 or 01","Read the Overflow status ( 00=OVF indicator is OFF, 01=OVF indicator is ON)","29"
"15","11","00 00 ~ 02 55","Read the PO meter level (00 00=0% ~ 01 43=50% ~ 02 12=100%)",""
"15","12","00 00 ~ 02 55","Read SWR meter level ( 00 00=SWR1.0, 00 48=SWR1.5",""
"15","13","00 00 ~ 02 55","Read ALC meter level (00 00=Min. ~ 01 20=Max.)",""
"15","14","00 00 ~ 02 55","Read COMP meter level (00 00=0 dB, 01 30=15 dB, 02 41=30 dB)",""
"15","16","00 00 ~ 02 55","Read Id meter level ( 00 00=0A, 00 77=10A, 01 65=20A, 02 41=30A)",""
"16","02","00","Preamp OFF","29"
"16","02","01","Preamp 1 ON","29"
"16","02","02","Preamp 2 ON","29"
"16","12","01 ~ 03","Set the AGC time constant (01=FAST, 02=MID, 03=SLOW)","29"
"16","22","00 or 01","Set the Noise blanker (00=OFF, 01=ON)","29"
"16","32","00","Audio peak filter OFF","29"
"16","32","01","Audio peak filter WIDE ON (320 Hz is selected when SHARP APF is set)","29"
"16","32","02","Audio peak filter MID ON (160 Hz is selected when SHARP APF is set)","29"
"16","32","03","Audio peak filter NAR ON (80 Hz is selected when SHARP APF is set)","29"
"16","40","00 or 01","Set the Noise reduction (00=OFF, 01=ON)","29"
"16","41","00 or 01","Set the Auto Notch function (00=OFF, 01=ON)","29"
"16","42","00 or 01","Set the Repeater tone (00=OFF, 01=ON)","29"
"16","43","00 or 01","Set the Tone squelch (00=OFF, 01=ON)","29"
"16","44","00 or 01","Set the Speech compressor (00=OFF, 01=ON)",""
"16","45","00 or 01","Set the Monitor [MONI] function (00=OFF, 01=ON)",""
"16","46","00 or 01","Set the VOX function (00=OFF, 01=ON)",""
"16","47","00","BK-IN function OFF",""
"16","47","01","Semi BK-IN function ON",""
"16","47","02","Full BK-IN function ON",""
"16","48","00 or 01","Set the Manual Notch function (00=OFF, 01=ON)","29"
"16","4E","00 or 01","Set the DIGI-SEL function (00=OFF, 01=ON)","29"
"16","4F","00 or 01","Set the Twin peak filter (00=OFF, 01=ON) ( Can be turned ON only when Mark and Shift","29"
"16","50","00 or 01","Set the Dial lock function (00=OFF, 01=ON)",""
"16","53","00 or 01","Set the ANT-RX I/O (00=OFF, 01=ON)","29"
"16","56","00 or 01","Set the DSP IF filter type (00=SHARP, 01=SOFT)","29"
"16","57","00 ~ 02","Set the Manual Notch width (00=WIDE, 01=MID, 02=NAR)","29"
"16","58","00 ~ 02","Set the SSB transmit bandwidth (00=WIDE, 01=MID, 02=NAR) ( One of following values is applied, depending",""
"16","5E","00 or 01","MAIN/SUB Tracking function (00=OFF, 01=ON)",""
"16","65","00 or 01","Set the IP Plus function (00=OFF, 01=ON)","29"
"16","66","00 or 01","Send/read the TX Inhibit function (00=OFF, 01=ON)",""
"16","67","00 or 01","Send/read the DPD function (00=OFF, 01=ON)",""
"17","","See p. 10","Send CW messages",""
"18","00","","Turn OFF the transceiver",""
"18","01","","Turn ON the transceiver",""
"19","00","","Read the transceiver ID",""
"1A","00","see p. 11","Send/read memory contents",""
"1A","01","see p. 10","Send/read band stacking register contents",""
"1A","03","see p. 12","Send/read the selected IF filter width","29"
"1A","04","see p. 12","Send/read the selected AGC time constant","29"
"1A","05,0000","00","01 ~",""
"1A","05,0001","see p. 12","Tone Control/TBW > RX >","29"
"1A","05,0002","00 ~ 10","Tone Control/TBW > RX > Send/read SSB RX Tone (Bass) level (00=–5 ~ 10=+5)",""
"1A","05,0003","00 ~ 10","Tone Control/TBW > RX > Send/read SSB RX Tone (Treble) level (00=–5 ~ 10=+5)",""
"1A","05,0004","see p. 12","Tone Control/TBW > RX > Send/read AM RX HPF/LPF settings",""
"1A","05,0005","00 ~ 10","Tone Control/TBW > RX > Send/read AM RX Tone (Bass) level (00=–5 ~ 10=+5)",""
"1A","05,0006","00 ~ 10","Tone Control/TBW > RX > Send/read AM RX Tone (Treble) level (00=–5 ~ 10=+5)",""
"1A","05,0007","see p. 12","Tone Control/TBW > RX > Send/read FM RX HPF/LPF settings",""
"1A","05,0008","00 ~ 10","Tone Control/TBW > RX > Send/read FM RX Tone (Bass) level (00=–5 ~ 10=+5)",""
"1A","05,0009","00 ~ 10","Tone Control/TBW > RX > Send/read FM RX Tone (Treble) level (00=–5 ~ 10=+5)",""
"1A","05,0010","see p. 12","Tone Control/TBW > RX > Send/read CW RX HPF/LPF settings",""
"1A","05,0011","see p. 12","Tone Control/TBW > RX > Send/read RTTY RX HPF/LPF settings",""
"1A","05,0012","see p. 12","Tone Control/TBW > RX > Send/read PSK RX HPF/LPF settings",""
"1A","05,0013","00 ~ 10","Tone Control/TBW > TX > Send/read SSB TX Tone (Bass) level (00=–5 ~ 10=+5)",""
"1A","05,0014","00 ~ 10","Tone Control/TBW > TX > Send/read SSB TX Tone (Treble) level (00=–5 ~ 10=+5)",""
"1A","05,0015","see p. 12","Tone Control/TBW > TX > Send/read SSB TX bandwidth for wide",""
"1A","05,0016","see p. 12","Tone Control/TBW > TX > Send/read SSB TX bandwidth for mid",""
"1A","05,0017","see p. 12","Tone Control/TBW > TX > Send/read SSB TX bandwidth for narrow",""
"1A","05,0018","00 ~ 10","Tone Control/TBW > TX > Send/read AM TX Tone (Bass) level (00=–5 ~ 10=+5)",""
"1A","05,0019","00 ~ 10","Tone Control/TBW > TX > Send/read AM TX Tone (Treble) level (00=–5 ~ 10=+5)",""
"1A","05,0020","00 ~ 10","Tone Control/TBW > TX > Send/read FM TX Tone (Bass) level (00=–5 ~ 10=+5)",""
"1A","05,0021","00 ~ 10","Tone Control/TBW > TX > Send/read FM TX Tone (Treble) level (00=–5 ~ 10=+5)",""
"1A","05,0022","00 00 ~ 02 55","Function > Beep Level (00 00=min. ~ 02 55=max.)",""
"1A","05,0023","00 or 01","Function > Beep Level Limit (00=OFF, 01=ON)",""
"1A","05,0024","00 or 01","Function > Beep (Confirmation) (00=OFF, 01=ON)",""
"1A","05,0025","00 or 01","Function > Band Edge Beep (00=OFF, 01=ON) ( ON = Beep sounds with a default amateur band) 02 Function > Band Edge Beep (02=ON (User)) 03 Function > Band Edge Beep (03=ON (User) & TX Limit)",""
"1A","05,0026","00 50 ~ 02 00","Function > Beep Sound (MAIN) (00 50=500 Hz ~ 02 00=2000 Hz)",""
"1A","05,0027","00 50 ~ 02 00","Function > Beep Sound (SUB) (00 50=500 Hz ~ 02 00=2000 Hz)",""
"1A","05,0028","00 ~ 02","Function > RF/SQL Control (00=Auto, 01=SQL, 02=RF+SQL)",""
"1A","05,0029","00 ~ 05","Function > TX Delay > HF (00=OFF, 01=10 ms, 02=15 ms, 03=20 ms, 04=25 ms, 05=30 ms)",""
"1A","05,0030","00 ~ 05","Function > TX Delay > 50M (00=OFF, 01=10 ms, 02=15 ms, 03=20 ms, 04=25 ms, 05=30 ms)",""
"1A","05,0030","02","SET > Function > Band Edge Beep (02=ON (User))",""
"1A","05,0030","03","SET > Function > Band Edge Beep (03=ON (User) & TX Limit)",""
"1A","05,0031","00 ~ 05","Function > Time-Out Timer (CI-V) ( 00=OFF, 01=3 min., 02=5 min., 03=10 min., 04=20 min., 05=30 min.)",""
"1A","05,0032","00 or 01","Function > Quick Dualwatch (00=OFF, 01=ON)",""
"1A","05,0033","00 or 01","Function > SPLIT > Quick SPLIT (00=OFF, 01=ON) ( Setting the [SPLIT] key operation when it is held down for 1 second.)",""
"1A","05,0034","00 or 01","Function > SPLIT > Display Keypad on Quick SPLIT (00=OFF, 01=ON)",""
"1A","05,0035","see p. 12","Function > SPLIT > FM SPLIT Offset (HF)",""
"1A","05,0036","see p. 12","Function > SPLIT > FM SPLIT Offset (50M)",""
"1A","05,0037","00 or 01","Function > SPLIT > SPLIT LOCK (00=OFF, 01=ON)",""
"1A","05,0038","00 or 01","Function > Tuner > PTT Start (00=OFF, 01=ON)",""
"1A","05,0039","00 or 01","Function > Transverter Function (00=Auto, 01=ON)",""
"1A","05,0040","see p. 12","Function > Transverter Offset",""
"1A","05,0041","00 ~ 02","Function > RTTY Mark Frequency (00=1275 Hz, 01=1615 Hz, 02=2125 Hz)",""
"1A","05,0042","00 ~ 02","Function > RTTY Shift Width (00=170 Hz, 01=200 Hz, 02=425 Hz)",""
"1A","05,0043","00 or 01","Function > RTTY Keying Polarity (00=Normal, 01=Reverse)",""
"1A","05,0044","00 ~ 02","Function > PSK Tone Frequency (00=1000 Hz, 01=1500 Hz, 02=2000 Hz)",""
"1A","05,0045","00 or 01","Function > SPEECH > SPEECH Language (00=English, 01=Japanese)",""
"1A","05,0046","00 or 01","Function > SPEECH > SPEECH Speed (00=Slow, 01=Fast)",""
"1A","05,0047","00 or 01","Function > SPEECH > S-Level SPEECH (00=OFF, 01=ON)",""
"1A","05,0048","00 or 01","Function > SPEECH > MODE SPEECH (00=OFF, 01=ON)",""
"1A","05,0049","00 00 ~ 02 55","Function > SPEECH > SPEECH Level (00 00=0% ~ 02 55=100%)",""
"1A","05,0050","00 or 01","Function > [SPEECH/LOCK] Switch (00=SPEECH/LOCK, 01=LOCK/SPEECH)",""
"1A","05,0051","00 or 01","Function > Lock Function (00=MAIN DIAL, 01=PANEL)",""
"1A","05,0052","00 or 01","Function > Memo Pad Quantity (00=5 ch, 01=10 ch)",""
"1A","05,0053","00 ~ 02","Function > MAIN DIAL Auto TS (00=OFF, 01=Low, 02=High)",""
"1A","05,0054","00 or 01","Function > MAIN DIAL Select (USB DIAL–SUB Only) (00=Main only, 01=Main/Sub)",""
"1A","05,0055","00 or 01","Function > MAIN/SUB Tracking [MAIN/SUB] Switch (00=OFF, 01=ON)",""
"1A","05,0056","00 or 01","Function > MIC Up/Down Speed (00=Slow, 01=Fast)",""
"1A","05,0057","00 or 01","Function > Quick RIT/∂TX Clear (00=OFF, 01=ON)",""
"1A","05,0058","00 ~ 02","Function > [NOTCH] Switch (SSB) (00=Auto, 01=Manual, 02=Auto/Manual)",""
"1A","05,0059","00 ~ 02","Function > [NOTCH] Switch (AM) (00=Auto, 01=Manual, 02=Auto/Manual)",""
"1A","05,0060","00 or 01","Function > FILTER Screen MAIN/SUB Select ( 00=Fix, 01=Auto (by FILTER, PBT Operation))",""
"1A","05,0061","00 or 01","Function > SSB/CW Synchronous Tuning (00=OFF, 01=ON)",""
"1A","05,0062","00 or 01","Function > CW Normal Side (00=LSB, 01=USB)",""
"1A","05,0063","00 or 01","Function > Screen Keyboard Type (00=Ten-key, 01=Full Keyboard)",""
"1A","05,0064","00 ~ 02","Function > Screen Full Keyboard Layout (00=English, 01=German, 02=French)",""
"1A","05,0065","00 or 01","Function > Screen Capture [POWER] Switch (00=OFF, 01=ON)",""
"1A","05,0066","00 or 01","Function > Screen Capture Keyboard [Print Screen] (00=OFF, 01=ON)",""
"1A","05,0067","00 or 01","Function > Screen Capture Storage Media (00=SD Card, 01=USB flash drive)",""
"1A","05,0068","00 or 01","Function > Screen Capture File Type (00=PNG, 01=BMP)",""
"1A","05,0069","00 or 01","Function > Calibration Marker (00=OFF, 01=ON)",""
"1A","05,0070","00 00 ~ 05 11","Function > REF Adjust (00 00=0%, 05 11=100%)",""
"1A","05,0071","00 ~ 30","Connectors > Phones > Level (00=–15 dB ~ 30=+15 dB)",""
"1A","05,0072","00 or 01","Connectors > Phones > L/R Mix (00=OFF, 01=ON)",""
"1A","05,0073","00 or 01","Connectors > ACC AF/IF Output > AF/SQL Output Select (00=MAIN, 01=SUB)",""
"1A","05,0074","00 or 01","Connectors > ACC AF/IF Output > Output Select (00=AF, 01=IF)",""
"1A","05,0075","00 or 01","Connectors > ACC AF/IF Output > AF/IF XFC Output (SPLIT ON) (00=MAIN, 01=SUB)",""
"1A","05,0076","00 00 ~ 02 55","Connectors > ACC AF/IF Output > AF Output Level (00 00=0% ~ 02 55=100%)",""
"1A","05,0077","00 or 01","Connectors > ACC AF/IF Output > AF SQL (00=OFF (Open), 01=ON)",""
"1A","05,0078","00 or 01","Connectors > ACC AF/IF Output > AF Beep/Speech... Output (00=OFF, 01=ON)",""
"1A","05,0079","00 00 ~ 02 55","Connectors > ACC AF/IF Output > ACC IF Output Level (00 00=0% ~ 02 55=100%)",""
"1A","05,0080","00 or 01","Connectors > USB AF/IF Output > Output Select (00=AF, 01=IF)",""
"1A","05,0081","00 or 01","Connectors > USB AF/IF Output > AF/IF XFC Output (SPLIT ON) (00=MAIN, 01=SUB)",""
"1A","05,0082","00 00 ~ 02 55","Connectors > USB AF/IF Output > AF Output Level (00 00=0%, 02 55=100%)",""
"1A","05,0083","00 or 01","Connectors > USB AF/IF Output > AF SQL (00=OFF (Open), 01=ON)",""
"1A","05,0084","00 or 01","Connectors > USB AF/IF Output > AF Beep/Speech... Output (00=OFF, 01=ON)",""
"1A","05,0085","00 00 ~ 02 55","Connectors > USB AF/IF Output > IF Output Level (00 00=0%, 02 55=100%)",""
"1A","05,0086","00 or 01","Connectors > LAN AF/IF Output > Output Select (00=AF, 01=IF)",""
"1A","05,0087","00 or 01","Connectors > LAN AF/IF Output > AF SQL (00=OFF (Open), 01=ON)",""
"1A","05,0088","00 00 ~ 02 55","Connectors > MOD Input > ACC MOD Level (00 00=0% ~ 02 55=100%)",""
"1A","05,0089","00 00 ~ 02 55","Connectors > MOD Input > USB MOD Level (00 00=0% ~ 02 55=100%)",""
"1A","05,0090","00 00 ~ 02 55","Connectors > MOD Input > LAN MOD Level (00 00=0% ~ 02 55=100%)",""
"1A","05,0091","00 ~ 05","Connectors > MOD Input > DATA OFF MOD ( 00=MIC, 01=ACC, 02=MIC,ACC, 03=USB, 04=MIC,USB, 05=LAN)",""
"1A","05,0092","00 ~ 05","Connectors > MOD Input > DATA1 MOD ( 00=MIC, 01=ACC, 02=MIC,ACC, 03=USB, 04=MIC,USB, 05=LAN)",""
"1A","05,0093","00 ~ 05","Connectors > MOD Input > DATA2 MOD ( 00=MIC, 01=ACC, 02=MIC,ACC, 03=USB, 04=MIC,USB, 05=LAN)",""
"1A","05,0094","00 ~ 05","Connectors > MOD Input > DATA3 MOD ( 00=MIC, 01=ACC, 02=MIC,ACC, 03=USB, 04=MIC,USB, 05=LAN)",""
"1A","05,0095","00 ~ 04","Connectors > USB SEND/Keying > USB SEND ( 00=OFF, 01=USB1(A) DTR, 02=USB1(A) RTS, 03=USB1(B) DTR, 04=USB1(B) RTS) ( You cannot select the same setting for USB keying (CW) or USB keying (RTTY).)",""
"1A","05,0096","00 ~ 04","Connectors > USB SEND/Keying > USB Keying (CW) ( 00=OFF, 01=USB1(A) DTR, 02=USB1(A) RTS, 03=USB1(B) DTR, 04=USB1(B) RTS) ( You cannot select the same setting for USB SEND.)",""
"1A","05,0097","00 ~ 04","Connectors > USB SEND/Keying > USB Keying (RTTY) ( 00=OFF, 01=USB1(A) DTR, 02=USB1(A) RTS, 03=USB1(B) DTR, 04=USB1(B) RTS) ( You cannot select the same setting for USB SEND.)",""
"1A","05,0098","00 or 01","Connectors > External Keypad > VOICE (00=OFF, 01=ON)",""
"1A","05,0099","00 or 01","Connectors > External Keypad > KEYER (00=OFF, 01=ON)",""
"1A","05,0100","00 or 01","Connectors > External Keypad > RTTY (00=OFF, 01=ON)",""
"1A","05,0101","00 or 01","Connectors > External Keypad > PSK (00=OFF, 01=ON)",""
"1A","05,0102","00 or 01","Connectors > Keyboard/Mouse > Keyboard [F1] ~ [F8] (VOICE) (00=OFF, 01=ON)",""
"1A","05,0103","00 or 01","Connectors > Keyboard/Mouse > Keyboard [F1] ~ [F8] (KEYER) (00=OFF, 01=ON)",""
"1A","05,0104","00 ~ 10","Connectors > Keyboard/Mouse > Keyboard Type ( 00=English, 01=Japanese, 02=United Kingdom, 03=French, 04=French ( Canadian), 05=German, 06=Portuguese, 07=Portuguese (Brazilian), 08=Spanish, 09=Spanish (Latin American), 10=Italian)",""
"1A","05,0105","00 10 ~ 01 00","Connectors > Keyboard/Mouse > Keyboard Repeat Delay ( 00 10=100 msec., 01 00=1000 msec. (in 50 msec. steps))",""
"1A","05,0106","00 ~ 31","Connectors > Keyboard/Mouse > Keyboard Repeat Rate (00=2.0 cps ~ 31=30.0 cps)",""
"1A","05,0107","00 ~ 02","Connectors > Keyboard/Mouse > Mouse Pointer Speed (00=Slow, 01=Mid, 02=Fast)",""
"1A","05,0108","00 or 01","Connectors > Keyboard/Mouse > Mouse Pointer Acceleration (00=OFF, 01=ON)",""
"1A","05,0109","00 or 01","Connectors > USB DIAL > USB DIAL Select (00=Sub only, 01=Main/Sub)",""
"1A","05,0110","00 ~ 02","Connectors > USB DIAL > USB DIAL Auto TS (00=OFF, 01=Low, 02=High)",""
"1A","05,0111","00 or 01","Connectors > USB DIAL > USB DIAL [TRANSMIT] Switch (00=Push to toggle, 01=Hold down to transmit)",""
"1A","05,0112","00 or 01","Connectors > CI-V > CI-V Transceive (00=OFF, 01=ON)",""
"1A","05,0113","00 00 ~ 02 23","Connectors > CI-V > CI-V USB/ LAN→REMOTE Transceive Address (00 00=00h ~ 02 23=DFh) (in Hexadecimal)",""
"1A","05,0114","00 or 01","Connectors > CI-V > CI-V Output (for ANT) (00=OFF, 01=ON)",""
"1A","05,0116","00 or 01","Connectors > CI-V > CI-V USB Echo Back (00=OFF, 01=ON)",""
"1A","05,0117","00 ~ 07","Connectors > External Meter > External Meter Output (MAIN) ( 00=Auto, 01=S (main), 02=Po, 03=SWR, 04=ALC, 05=COMP, 06=Vd, 07=Id)",""
"1A","05,0118","00 ~ 07","Connectors > External Meter > External Meter Output (SUB) ( 00=Auto, 01=S (sub), 02=Po, 03=SWR, 04=ALC, 05=COMP, 06=Vd, 07=Id)",""
"1A","05,0119","00 00 ~ 02 55","Connectors > External Meter > External Meter Level (MAIN) (00 00=0% ~ 02 55=100%)",""
"1A","05,0120","00 00 ~ 02 55","Connectors > External Meter > External Meter Level (SUB) (00 00=0% ~ 02 55=100%)",""
"1A","05,0121","00 ~ 03","Connectors > Decode Baud Rate ( 00=4800 bps, 01=9600 bps, 02=19200 bps, 03=38400 bps)",""
"1A","05,0122","00 or 01","Connectors > SEND Relay Type (00=Reed, 01=MOS-FET)",""
"1A","05,0123","00 ~ 02","Connectors > ACC BAND Voltage Output (00=MAIN, 01=SUB, 02=TX)",""
"1A","05,0124","00 or 01","Connectors > MIC Input DC Bias (00=OFF, 01=ON)",""
"1A","05,0125","00 or 01","Connectors > REF IN (00=IN, 01=OFF)",""
"1A","05,0126","00 or 01","Network > DHCP (valid after restart) (00=OFF, 01=ON)",""
"1A","05,0127","00 00 ~ 02 55","Network > IP Address (valid after restart) (00 00 00 00 00 00 00 01=0.0.0.1 ~ 02 55 02 55 02 55 02 54=255.255.255.254) (Valid when the DHCP (valid after restart) is set to OFF.)",""
"1A","05,0129","00 or 01","Connectors > CI-V > CI-V USB Port (00=Link to [REMOTE], 01=Unlink to [REMOTE])",""
"1A","05,0130","00 00 00 00 ~ 02 55 02 55 02 54, FF","Network > Default Gateway (valid after restart) (00 00 00 00 00 00 00 01=0.0.0.1 ~ 02 55 02 55 02 55 02 54=255.255.255.254, FF=Blank) (Valid when the DHCP (valid after restart) is set to OFF.)",""
"1A","05,0131","00 00 00 00 ~ 02 55 02 55 02 54, FF","Network > Primary DNS Server (valid after restart) (00 00 00 00 00 00 00 01=0.0.0.1 ~ 02 55 02 55 02 55 02 54=255.255.255.254, FF=Blank) (Valid when the DHCP (valid after restart) is set to OFF.)",""
"1A","05,0132","00 00 00 00 ~ 02 55 02 55 02 54, FF","Network > 2nd DNS Server (valid after restart) (00 00 00 00 00 00 00 01=0.0.0.1 ~ 02 55 02 55 02 55 02 54=255.255.255.254, FF=Blank) (Valid when the DHCP (valid after restart) is set to OFF.)",""
"1A","05,0133","see p. 11","Network > Network Name (Up to 15 characters)",""
"1A","05,0134","00 or 01","Network > Network Control (valid after restart) (00=OFF, 01=ON)",""
"1A","05,0135","00 or 01","Network > Power OFF Setting (for Remote Control) (00=Shutdown only, 01=Standby/Shutdown)",""
"1A","05,0136","00 00 01 ~ 06 55 35","Network > Control Port (UDP) (valid after restart) (00 00 01=1 ~ 06 55 35=65535)",""
"1A","05,0137","00 00 01 ~ 06 55 35","Network > Serial Port (UDP) (valid after restart) (00 00 01=1 ~ 06 55 35=65535)",""
"1A","05,0138","0000000000000001 ~ 0255025502550254","SET > Network > IP Address (Valid after Restart) (0000000000000001=0.0.0.1 to 0255025502550254=255.255.255.254) (Valid when the DHCP (Valid after Restart) is set to OFF)",""
"1A","05,0139","0000000000000001 ~ 0255025502550254","SET > Network > DHCP (Valid after Restart) Read the IP address set by the DHCP server (0000000000000001=0.0.0.1 to 0255025502550254=255.255.255.254) (Valid when the DHCP setting (Valid after Restart) is set to OFF, the manually set IP address (static IP address) is returned)",""
"1A","05,0140","01 ~ 30","SET > Network > Subnet Mask (Valid after Restart) (01=128.0.0.0 (1 bit) to 30=255.255.255.252 (30 bit)) (Valid when the DHCP (Valid after Restart) setting is set to OFF)",""
"1A","05,0141","0000000000000001 ~ 0255025502550254, FF","SET > Network > Default Gateway (Valid after Restart) (0000000000000001=0.0.0.1 to 0255025502550254=255.255.255.254, FF=Blank) (Valid when the DHCP (Valid after Restart) setting is set to OFF)",""
"1A","05,0142","0000000000000001 ~ 0255025502550254, FF","SET > Network > Primary DNS Server (Valid after Restart) (0000000000000001=0.0.0.1 to 0255025502550254=255.255.255.254, FF=Blank) (Valid when the DHCP (Valid after Restart) setting is set to OFF)",""
"1A","05,0143","0000000000000001 ~ 0255025502550254, FF","SET > Network > 2nd DNS Server (Valid after Restart) (0000000000000001=0.0.0.1 to 0255025502550254=255.255.255.254, FF=Blank) (Valid when the DHCP (Valid after Restart) setting is set to OFF)",""
"1A","05,0144","00 or 01","Display > Display Font (00=Basic, 01=Round)",""
"1A","05,0145","00 ~ 02","Display > Meter Response (Standard, Edgewise) (00=Slow, 01=Mid, 02=Fast)",""
"1A","05,0146","00 ~ 02","Display > Meter Type (Normal Screen) (00=Standard, 01=Edgewise, 02=Bar)",""
"1A","05,0147","000001 ~ 065535","SET > Network > Control Port (UDP) (Valid after Restart) (000001=1 to 065535=65535)",""
"1A","05,0148","000001 ~ 065535","SET > Network > Serial Port (UDP) (Valid after Restart) (000001=1 to 065535=65535)",""
"1A","05,0149","000001 ~ 065535","SET > Network > Audio Port (UDP) (Valid after Restart) (000001=1 to 065535=65535)",""
"1A","05,0150","00 or 01","Display > APF-Width Popup (APF OFF→ON) (00=OFF, 01=ON)",""
"1A","05,0151","00 ~ 03","Display > Screen Saver ( 00=OFF, 01=15 minutes, 02=30 minutes, 03=60 minutes)",""
"1A","05,0152","00 or 01","Display > External Display (00=OFF, 01=ON)",""
"1A","05,0153","00 or 01","Display > External Display Resolution (00=800x480, 01=800x600)",""
"1A","05,0154","00 or 01","Display > Opening Message (00=OFF, 01=ON)",""
"1A","05,0155","see p. 11","Display > My Call (Up to 10 characters)",""
"1A","05,0156","00 or 01","Display > Power ON Check (00=OFF, 01=ON)",""
"1A","05,0157","00 or 01","Display > Display Language (00=English, 01=Japanese)",""
"1A","05,0158","20 00 01 01 ~ 20 99 12 31","Time Set > Date/Time > Date (20 00 01 01=2000/01/01 ~ 20 99 12 31=2099/12/31)",""
"1A","05,0159","00 00 ~ 23 59","Time Set > Date/Time > Time (00 00=00:00 ~ 23 59=23:59)",""
"1A","05,0160","00 or 01","Time Set > Date/Time > NTP Function (00=OFF, 01=ON)",""
"1A","05,0161","see p. 11","Time Set > Date/Time > NTP Server Address",""
"1A","05,0162","see p. 13","Time Set > UTC Offset",""
"1A","05,0163","00 or 01","Time Set > CLOCK2 Function (00=OFF, 01=ON)",""
"1A","05,0164","see p. 13","Time Set > CLOCK2 UTC Offset",""
"1A","05,0165","see p. 11","Time Set > CLOCK2 Name (Up to 3 characters)",""
"1A","05,0166","00 or 01","SCOPE > Scope during Tx (CENTER TYPE) (00=OFF, 01=ON)",""
"1A","05,0167","00 ~ 02","SCOPE > Max Hold (00=OFF, 01=10s Hold , 02=ON)",""
"1A","05,0168","00 ~ 02","SCOPE > CENTER Type Display ( 00=Filter center, 01=Carrier point center, 02=Carrier point center (Abs. Freq.))",""
"1A","05,0169","00 or 01","SCOPE > Marker Position (Fix Type/ SCROLL Type) (00=Filter center, 01 Carrier point)",""
"1A","05,0170","00 ~ 03","SCOPE > Averaging (00=OFF, 01=2, 02=3, 03=4)",""
"1A","05,0171","00 or 01","SCOPE > Waveform Type (00=Fill, 01=Fill+Line)",""
"1A","05,0172","see p. 12","SCOPE > Waveform Color (Current)",""
"1A","05,0173","see p. 12","SCOPE > Waveform Color (Line)",""
"1A","05,0174","see p. 12","SCOPE > Waveform Color (Max Hold)",""
"1A","05,0175","00 or 01","SCOPE > Waterfall Display (00=OFF, 01=ON)",""
"1A","05,0176","00 ~ 02","SCOPE > Waterfall Speed (00=Slow, 01=Mid, 02=Fast)",""
"1A","05,0177","00 ~ 02","SCOPE > Waterfall Size (Expand Screen) (00=Small, 01=Mid, 02=Large)",""
"1A","05,0178","00 ~ 09","SCOPE > Waterfall Peak Color Level (00=Grid 1 ~ 09=Grid 10)",""
"1A","05,0179","00 or 01","SCOPE > Waterfall Marker Auto-hide (00=OFF, 01=ON)",""
"1A","05,0179","20000101 ~ 20991231","SET > Time Set > Date/Time > Date (20000101=2000/01/01 to 20991231=2099/12/31)",""
"1A","05,0180","00 or 01","SCOPE > Dual Scope Type (00=Over/Under, 01=Side by Side)",""
"1A","05,0180","0000 ~ 2359","SET > Time Set > Date/Time > Time (0000=00:00 to 2359=23:59)",""
"1A","05,0181","00 or 01","SCOPE > Dual Scope Auto Select (00=OFF, 01=ON)",""
"1A","05,0182","see p. 12","SCOPE > Fixed Edges > 0.03 – 1.60 No.1",""
"1A","05,0183","see p. 12","SCOPE > Fixed Edges > 0.03 – 1.60 No.2",""
"1A","05,0184","see p. 12","SCOPE > Fixed Edges > 0.03 – 1.60 No.3",""
"1A","05,0185","see p. 12","SCOPE > Fixed Edges > 1.60 – 2.00 No.1",""
"1A","05,0186","see p. 12","SCOPE > Fixed Edges > 1.60 – 2.00 No.2",""
"1A","05,0187","see p. 12","SCOPE > Fixed Edges > 1.60 – 2.00 No.3",""
"1A","05,0188","see p. 12","SCOPE > Fixed Edges > 2.00 – 6.00 No.1",""
"1A","05,0189","00 ~ 02","SCOPE > CENTER Type Display (00=Filter center, 01=Carrier point center, 02=Carrier point center (Abs. Freq.))",""
"1A","05,0190","see p. 12","SCOPE > Fixed Edges > 2.00 – 6.00 No.3",""
"1A","05,0191","see p. 12","SCOPE > Fixed Edges > 6.00 – 8.00 No.1",""
"1A","05,0192","see p. 12","SCOPE > Fixed Edges > 6.00 – 8.00 No.2",""
"1A","05,0193","see p. 12","SCOPE > Fixed Edges > 6.00 – 8.00 No.3",""
"1A","05,0194","see p. 12","SCOPE > Fixed Edges > 8.00 – 11.00 No.1",""
"1A","05,0195","see p. 12","SCOPE > Fixed Edges > 8.00 – 11.00 No.2",""
"1A","05,0196","see p. 12","SCOPE > Fixed Edges > 8.00 – 11.00 No.3",""
"1A","05,0197","see p. 12","SCOPE > Fixed Edges > 11.00 – 15.00 No.1",""
"1A","05,0198","see p. 12","SCOPE > Fixed Edges > 11.00 – 15.00 No.2",""
"1A","05,0199","see p. 12","SCOPE > Fixed Edges > 11.00 – 15.00 No.3",""
"1A","05,0200","see p. 12","SCOPE > Fixed Edges > 15.00 – 20.00 No.1",""
"1A","05,0201","see p. 12","SCOPE > Fixed Edges > 15.00 – 20.00 No.2",""
"1A","05,0202","see p. 12","SCOPE > Fixed Edges > 15.00 – 20.00 No.3",""
"1A","05,0203","see p. 12","SCOPE > Fixed Edges > 20.00 – 22.00 No.1",""
"1A","05,0204","see p. 12","SCOPE > Fixed Edges > 20.00 – 22.00 No.2",""
"1A","05,0205","see p. 12","SCOPE > Fixed Edges > 20.00 – 22.00 No.3",""
"1A","05,0206","see p. 12","SCOPE > Fixed Edges > 22.00 – 26.00 No.1",""
"1A","05,0207","see p. 12","SCOPE > Fixed Edges > 22.00 – 26.00 No.2",""
"1A","05,0208","see p. 12","SCOPE > Fixed Edges > 22.00 – 26.00 No.3",""
"1A","05,0209","see p. 12","SCOPE > Fixed Edges > 26.00 – 30.00 No.1",""
"1A","05,0210","see p. 12","SCOPE > Fixed Edges > 26.00 – 30.00 No.2",""
"1A","05,0211","see p. 12","SCOPE > Fixed Edges > 26.00 – 30.00 No.3",""
"1A","05,0212","see p. 12","SCOPE > Fixed Edges > 30.00 – 45.00 No.1",""
"1A","05,0213","see p. 12","SCOPE > Fixed Edges > 30.00 – 45.00 No.2",""
"1A","05,0214","see p. 12","SCOPE > Fixed Edges > 30.00 – 45.00 No.3",""
"1A","05,0215","see p. 12","SCOPE > Fixed Edges > 45.00 – 60.00 No.1",""
"1A","05,0216","see p. 12","SCOPE > Fixed Edges > 45.00 – 60.00 No.2",""
"1A","05,0217","see p. 12","SCOPE > Fixed Edges > 45.00 – 60.00 No.3",""
"1A","05,0218","00 or 01","AUDIO SCOPE SET > FFT Scope Waveform Type (00=Line, 01=Fill)",""
"1A","05,0219","see p. 12","AUDIO SCOPE SET > FFT Scope Waveform Color",""
"1A","05,0220","00 or 01","AUDIO SCOPE SET > FFT Scope Waterfall Display (00=OFF, 01=ON)",""
"1A","05,0221","see p. 12","AUDIO SCOPE SET > Oscilloscope Waveform Color",""
"1A","05,0222","00 ~ 04","KEYER 001 > Number Style ( 00=Normal, 01=190→ANO, 02=190→ANT, 03=90→NO, 04=90→NT)",""
"1A","05,0223","01 ~ 08","KEYER 001 > Count Up Trigger (01=M1 ~ 08=M8)",""
"1A","05,0224","00 01 ~ 99 99","KEYER 001 > Present Number (00 01=1 ~ 99 99=9999)",""
"1A","05,0225","00 00 ~ 02 55","CW-KEY SET > Side Tone Level (00 00=0% ~ 02 55=100%)",""
"1A","05,0226","00 or 01","CW-KEY SET > Side Tone Level Limit (00=OFF, 01=ON)",""
"1A","05,0227","01 ~ 60","CW-KEY SET > Keyer Repeat time (01=1 sec. ~ 60=60 sec.)",""
"1A","05,0228","28 ~ 45","CW-KEY SET > Dot/Dash Ratio (28=1:1:2.8 ~ 45=1:1:4.5; 0.1 steps)",""
"1A","05,0229","00 ~ 03","CW-KEY SET > Rise Time (00=2 msec., 01=4 msec., 02=6 msec., 03=8 msec.)",""
"1A","05,0230","00 or 01","CW-KEY SET > Paddle Polarity (00=Normal, 01=Reverse)",""
"1A","05,0231","00 ~ 02","CW-KEY SET > Key Type (00=Straight, 01=Bug, 02=Paddle)",""
"1A","05,0232","00 or 01","CW-KEY SET > MIC Up/Down Keyer (00=OFF, 01=ON)",""
"1A","05,0233","00 ~ 03","RTTY DECODE SET > FFT Scope Averaging (00=OFF, 01=2, 02=3, 03=4)",""
"1A","05,0234","see p. 12","RTTY DECODE SET > FFT Scope Waveform Color",""
"1A","05,0235","00 or 01","RTTY DECODE SET > Decode USOS (00=OFF, 01=ON)",""
"1A","05,0236","00 or 01","RTTY DECODE SET > Decode New Line Code (00=CR, LF, CR+LF, 01=CR+LF)",""
"1A","05,0237","00 ~ 02","RTTY DECODE SET > Diddle (00=OFF, 01=BLANK, 02=LTRS)",""
"1A","05,0238","00 or 01","RTTY DECODE SET > TX USOS (00=OFF, 01=ON)",""
"1A","05,0239","00 or 01","RTTY DECODE SET > Auto CR+LF by TX (00=OFF, 01=ON)",""
"1A","05,0240","00 or 01","RTTY DECODE SET > Time Stamp (00=OFF, 01=ON)",""
"1A","05,0241","00 or 01","RTTY DECODE SET > Time Stamp (Time) (00=Local, 01=“CLOCK2 UTC Offset” setting)",""
"1A","05,0242","00 or 01","RTTY DECODE SET > Time Stamp (Frequency) (00=OFF, 01=ON)",""
"1A","05,0243","see p. 12","RTTY DECODE SET > Font Color (Receive)",""
"1A","05,0244","see p. 12","RTTY DECODE SET > Font Color (Transmit)",""
"1A","05,0245","see p. 12","RTTY DECODE SET > Font Color (Time Stamp)",""
"1A","05,0246","see p. 12","RTTY DECODE SET > Font Color (TX Buffer)",""
"1A","05,0247","00 or 01","RTTY DECODE LOG > Decode Log (00=OFF, 01=ON)",""
"1A","05,0248","00 or 01","RTTY DECODE LOG > Log Set > File Type (00=Text, 01=HTML)",""
"1A","05,0249","00 ~ 03","PSK DECODE SET > FFT Scope Averaging (00=OFF, 01=2, 02=3, 03=4)",""
"1A","05,0250","see p. 12","PSK DECODE SET > FFT Scope Waveform Color",""
"1A","05,0251","00 or 01","PSK DECODE SET > AFC Range (00=±8 Hz, 01=±15 Hz)",""
"1A","05,0252","00 or 01","PSK DECODE SET > Time Stamp (00=OFF, 01=ON)",""
"1A","05,0253","00 or 01","PSK DECODE SET > Time Stamp (Time) (00=Local, 01=“CLOCK2 UTC Offset” setting)",""
"1A","05,0254","00 or 01","PSK DECODE SET > Time Stamp (Frequency) (00=OFF, 01=ON)",""
"1A","05,0255","02","55",""
"1A","05,0255","see p. 12","PSK DECODE SET > Font Color (Receive)",""
"1A","05,0256","see p. 12","PSK DECODE SET > Font Color (Transmit)",""
"1A","05,0257","see p. 12","PSK DECODE SET > Font Color (Time Stamp)",""
"1A","05,0258","see p. 12","PSK DECODE SET > Font Color (TX Buffer)",""
"1A","05,0259","00 or 01","PSK DECODE LOG > Decode Log (00=OFF, 01=ON)",""
"1A","05,0260","00 or 01","PSK DECODE LOG > Log Set > File Type (00=Text, 01=HTML)",""
"1A","05,0261","00 or 01","SCAN SET > SCAN Speed (00=SLow, 01=Fast)",""
"1A","05,0262","00 or 01","SCAN SET > SCAN Resume (00=OFF, 01=ON)",""
"1A","05,0263","00 00 ~ 02 55","VOICE TX > TX LEVEL (00 00=0%, 02 55=100%)",""
"1A","05,0264","00 or 01","VOICE TX SET > Auto Monitor (00=OFF, 01=ON)",""
"1A","05,0265","01 ~ 15","VOICE TX SET > Repeat Time (01=1 sec. ~ 15=15 sec.)",""
"1A","05,0266","00 or 01","Recorder Set > REC Mode (00=TX&RX, 01=RX Only)",""
"1A","05,0267","00 or 01","Recorder Set > TX REC Audio (00=Direct, 01=Monitor)",""
"1A","05,0268","00 or 01","Recorder Set > RX REC Condition (00=Always, 01=Squelch Auto)",""
"1A","05,0269","00 or 01","Recorder Set > File Split (00=OFF, 01=ON)",""
"1A","05,0270","00 or 01","Recorder Set > PTT Auto REC (00=OFF, 01=ON)",""
"1A","05,0271","00 ~ 03","Recorder Set > PRE-REC for PTT Auto REC (00=OFF, 01=5 sec., 02=10 sec., 03=15 sec.)",""
"1A","05,0272","00 ~ 03","Player Set > Skip Time (00=3 sec., 01=5 sec., 02=10 sec., 03=30 sec.)",""
"1A","05,0273","05 ~ 30","Instant Replay Set > REC Time (05=5 sec., ~ 30=30 sec.)",""
"1A","05,0274","03 ~ 10","Instant Replay Set > Play Time (03=3 sec., ~ 10=10 sec.)",""
"1A","05,0275","00 or 01","TYPE SET > RX-ANT Connectors (00=Connect an receive antenna, 01=Connect an external device)",""
"1A","05,0276","see p. 13","ANTENNA MEMORY(0.03 MHz ~ 1.60 MHz)",""
"1A","05,0277","see p. 13","ANTENNA MEMORY (1.60 MHz ~ 2.00 MHz)",""
"1A","05,0278","see p. 13","ANTENNA MEMORY (2.00 MHz ~ 6.00 MHz)",""
"1A","05,0279","see p. 13","ANTENNA MEMORY (6.00 MHz ~ 8.00 MHz)",""
"1A","05,0280","see p. 13","ANTENNA MEMORY (8.00 MHz ~ 11.00 MHz)",""
"1A","05,0281","see p. 13","ANTENNA MEMORY (11.00 MHz ~ 15.00 MHz)",""
"1A","05,0282","see p. 13","ANTENNA MEMORY (15.00 MHz ~ 20.00 MHz)",""
"1A","05,0283","see p. 13","ANTENNA MEMORY (20.00 MHz ~ 22.00 MHz)",""
"1A","05,0284","see p. 13","ANTENNA MEMORY (22.00 MHz ~ 26.00 MHz)",""
"1A","05,0285","see p. 13","ANTENNA MEMORY (26.00 MHz ~ 30.00 MHz)",""
"1A","05,0286","00 to 1850","GPS > GPS TX Mode > D-PRS > TX Format > Object > Speed (0 km/h to 1850 km/h)",""
"1A","05,0287","see p. 13","ANTENNA MEMORY (45.00 MHz ~ 60.00 MHz)",""
"1A","05,0288","00 or 01","Temporary memory (TEMP-M) function (00=OFF, 01=ON)",""
"1A","05,0289","00 ~ 02","Send the Antenna selection mode ([ANT] SW) (00=OFF, 01=Manual, 02=Auto)",""
"1A","05,0290","00 ~ 09","NB depth (00=1 ~ 09=10)",""
"1A","05,0291","00 00 ~ 02 55","NB width (00 00=1 ~ 02 55=100)",""
"1A","05,0292","00 ~ 20","VOX delay (00=0.0 sec. ~ 20=2.0 sec.; 0.1 sec steps)",""
"1A","05,0293","00 ~ 03","VOX voice delay (00=OFF, 01=Short, 02=Mid, 03=Long)",""
"1A","05,0294","00 or 01","APF > TYPE (00=SHARP, 01=SOFT)",""
"1A","05,0295","00 ~ 06","APF > AF LEVEL (00=0 dB ~ 06=6 dB)",""
"1A","05,0296","see p. 12","Tone Control/TBW > TX > SSB-D TX passband width",""
"1A","05,0297","00 or 01","Connectors > USB SEND/Keying Inhibit Timer at USB connection (00=OFF, 01=ON)",""
"1A","05,0298","see p. 12","SCOPE > Fixed Edges > 0.03 – 1.60 No.4",""
"1A","05,0299","see p. 12","SCOPE > Fixed Edges > 1.60 – 2.00 No.4",""
"1A","05,0300","00 to 1850","GPS > GPS TX Mode > D-PRS > TX Format > Item > Speed (0 km/h to 1850 km/h)",""
"1A","05,0301","see p. 12","SCOPE > Fixed Edges > 6.00 – 8.00 No.4",""
"1A","05,0302","see p. 12","SCOPE > Fixed Edges > 8.00 – 11.00 No.4",""
"1A","05,0303","see p. 12","SCOPE > Fixed Edges > 11.00 – 15.00 No.4",""
"1A","05,0304","see p. 12","SCOPE > Fixed Edges > 15.00 – 20.00 No.4",""
"1A","05,0305","see p. 12","SCOPE > Fixed Edges > 20.00 – 22.00 No.4",""
"1A","05,0306","see p. 12","SCOPE > Fixed Edges > 22.00 – 26.00 No.4",""
"1A","05,0307","see p. 12","SCOPE > Fixed Edges > 26.00 – 30.00 No.4",""
"1A","05,0308","see p. 12","SCOPE > Fixed Edges > 30.00 – 45.00 No.4",""
"1A","05,0309","see p. 12","SCOPE > Fixed Edges > 45.00 – 60.00 No.4",""
"1A","05,0310","00 or 01","Send/read the IC-PW2 Dual Connection Mode setting (00=OFF, 01=ON)",""
"1A","05,0929","00 or 01","AF Mute (00=OFF, 01=ON)",""
"1A","05,0A29","00 or 01","Read the OVF indicator status (00=OFF, 01=ON)",""
"1A","06","See p. 17","DATA mode with filter set",""
"1A","07","See p. 18","Set the Satellite memory contents",""
"1A","08","00 or 01","NTP server access (00=Terminate, 01=Initiate)",""
"1A","09","00 to 02","Read NTP server access result (00=Accessing, or have not accessed after Power ON, 01=Succeeded, 02=Failed)",""
"1A","0A","00 or 01","Read the OVF indicator status (00=OFF, 01=ON)",""
"1B","00","See p. 19","Send/read the Repeater tone frequency","29"
"1B","01","See p. 19","Send/read the TSQL tone frequency","29"
"1B","02","See p. 19","Send/read the DTCS code and polarity","29"
"1B","07","See p. 19","Send/read the CSQL code (DV mode)","29"
"1C","00","00 or 01","Send/read the transceiver's status",""
"1C","01","00 ~ 02","Antenna tuner (00=OFF, 01=ON, 02=Tune)",""
"1C","02","00 or 01","Send/read the Transmit frequency monitor (00=OFF, 01=ON)",""
"1C","03","See p. 13","Read the transmit frequency",""
"1C","04","00 or 01","CI-V Output (for ANT) (00=OFF, 01=ON)",""
"1E","00","","Read number of available TX frequency band",""
"1E","01","See p. 13","Read TX band edge frequencies",""
"1E","02","","Read number of user-set TX frequency band",""
"1E","03","See p. 13","Set the user-set TX band edge frequencies",""
"1F","00","See p. 19","SET > My Station > My Call Sign (DV)",""
"1F","01","See p. 19","SET > Display > TX Call Sign Display",""
"1F","02","See p. 19","SET > My Station > TX Message (DV)",""
"20","00,00","00 or 01","Send/read the Auto DV RX Call signs output",""
"20","00,01","See p. 20","Output DV RX Call signs for transceive",""
"20","00,02","","",""
"20","01,00","00 or 01","Send/read the Auto DV RX message output",""
"20","01,01","See p. 20","Output DV RX message for transceive",""
"20","01,02","","",""
"20","02,00","00 or 01","Send/read the Auto DV RX status output",""
"20","02,01","See p. 20","Output DV RX status for transceive",""
"20","02,02","","",""
"20","03,00","00 or 01","Send/read the Auto DV RX GPS/D-PRS data",""
"20","03,01","See p. 22","Output DV RX GPS/D-PRS data for transceive",""
"20","03,02","","",""
"20","04,00","00 or 01","Send/read Auto DV RX",""
"20","04,01","See p. 22","Output DV RX D-PRS message for transceive",""
"20","04,02","","",""
"20","06,00","See p. 17","DATA mode with filter set",""
"20","07,00","See p. 18","Set the Satellite memory contents",""
"20","08,00","00 or 01","NTP server access (00=Terminate, 01=Initiate)",""
"21","00","See p. 23","RIT frequency",""
"21","01","00 or 01","RIT setting",""
"22","00","See p. 23","Set the DV TX data (Up to 30 byte)",""
"22","01,00","00 or 01","Set the Auto DV RX data output",""
"22","01,01","See p. 23","Set the DV RX data for transceive",""
"22","01,02","","",""
"22","02","00 or 01","SET > DV/DD Set > DV Data TX",""
"22","03","00 or 01","SET > DV/DD Set > DV Fast Data",""
"22","04","00 or 01","SET > DV/DD Set > DV Fast Data",""
"22","05","00 to 10","SET > DV/DD Set > DV Fast Data",""
"23","00","","",""
"23","01","00, 02, 03","GPS > GPS Set > GPS Select",""
"23","02","See p. 17","GPS > GPS Set > Manual Position",""
"24","00,00","00 or 01","Send/read TX output power setting",""
"24","00,01","00 or 01","Set the TX output power for transceive",""
"25","","See p. 23","Set the selected or unselected VFO frequency",""
"26","","See p. 23","Set the selected or unselected VFO's frequency band and mode",""
"27","00","See p. 24","Read the Scope waveform data",""
"27","01","00 or 01","Send/read the Scope Span setting",""
"27","02","00 or 01","Send/read the Scope Edge setting",""
"27","06","00 or 01","Send/read the Scope Span setting in the Center mode Scope",""
"27","07","","Set the Satellite memory contents",""
"27","08","00 or 01","Send/read the Scope edge frequency setting",""
"27","10","00 or 01","Send/read the Scope ON/OFF status",""
"27","11","00 or 01","Send/read the Scope wave data output (00=OFF, 01=ON)",""
"27","12","00 or 01","Send/read the Scope Center frequency setting",""
"27","13","00 to 02","Send/read the Scope screen type (00=Center, 01=Fixed, 02=Scroll)",""
"27","14","See p. 24","Send/read the Scope Center mode or Fixed mode",""
"27","15","See p. 24","Send/read the Span setting in the Center mode Scope",""
"27","16","See p. 24","Send/read the Edge number setting in the Fixed mode Scope",""
"27","17","See p. 24","Send/read the Scope hold function ON/OFF status",""
"27","19","See p. 24","Send/read the Scope Reference level setting",""
"27","1A","See p. 25","Send/read the Sweep speed setting",""
"27","1B","00 or 01","SCOPE > Scope during Tx (CENTER TYPE) (00=OFF, 01=ON)",""
"27","1C","00 to 02","SCOPE > CENTER Type Display (00=Filter center, 01=Carrier point center, 02=Carrier point center (Abs. Freq.))",""
"27","1D","See p. 16","Send/read the Scope VBW setting",""
"27","1E","See p. 25","Send/read the Scope Fixed edge frequencies",""
"28","00","00 to 08","Voice TX Memory (00=Stop, 01=T1 to 08=T8)",""
"29","00 or 01","","Specify the Main or Sub band before entering the supported commands (00=MAIN, 01=SUB)",""
