"Cmd.","Sub cmd.","Data","Description"
"00","","See p. 16","Sets and outputs the current operating frequency."
"01","","See p. 16","Sets and outputs the current operating mode."
"02","","See p. 16","Reads the current upper and lower edge frequencies."
"03","","See p. 16","Reads the current operating frequency."
"04","","See p. 16","Reads the current operating mode."
"05","","See p. 16","Sets the current operating frequency."
"06","","See p. 16","Sets the operating mode."
"07","00","","Switches to the VFO mode and selects VFO A."
"07","01","","Switches to the VFO mode and selects VFO B."
"07","A0","","Equalizes VFO A and VFO B."
"07","B0","","Exchanges VFO A with VFO B."
"07","","","Switches to the VFO mode."
"08","00","01 ~ 99","Selects the Memory channel. (00 01=M-CH01, 00 99=M-CH99)"
"08","01","00","Selects the Programmed Scan Edge channel P1."
"08","01","01","Selects the Programmed Scan Edge channel P2."
"08","","","Switches to the Memory mode."
"09","","","Stores the displayed contents (operating frequency, mode, and so on) into the selected Memory channel."
"0A","","","Copies the selected Memory channel's contents to the VFO."
"0B","","","Clears the selected Memory channel and resets it to a blank channel. P1 and P2 cannot be cleared."
"0E","00","","Stops the current scan in progress."
"0E","01","","Starts a Programmed or Memory scan. In the VFO mode, a programmed scan will begin. In the Memory mode, a Memory scan will begin."
"0E","02","","Starts a Programmed scan."
"0E","03","","Starts a ∂F scan."
"0E","12","","Starts a Fine Programmed scan."
"0E","13","","Starts a Fine ∂F scan."
"0E","22","","Starts a Memory scan."
"0E","23","","Starts a Select Memory scan."
"0E","Ax","See p. 16","Sets the frequency span for ∂F scan."
"0E","B0","","Releases the Select Memory channel."
"0E","B1","","Sets the channel as a Select Memory channel."
"0E","B1","01 ~ 03","Sets the channel as a specific Select Memory channel. (01=SEL1, 02=SEL2, 03=SEL3)"
"0E","B2","00 ~ 03","Sets whether all or one of the Select Memory channels is scanned. (00=ALL, 01=SEL1, 02=SEL2, 03=SEL3)"
"0E","D0","","Turns the Scan Resume function OFF."
"0E","D3","","Turns the Scan Resume function (Close&Delay) ON."
"0F","00/01","","Reads the ON/OFF status of the Split function. (00=OFF, 01=ON)"
"0F","00","","Turns the Split function OFF."
"0F","01","","Turns the Split function ON to transmit and receive on different frequencies."
"10","00~08","","Sets or reads the tuning step. (00=OFF (10 Hz or 1 Hz), 01=0.1 kHz, 02=1 kHz, 03=5 kHz, 04=9 kHz, 05=10 kHz, 06=12.5 kHz, 07=20 kHz, 08=25 kHz) The tuning step will automatically be set to 1 Hz for the Fine Tuning function."
"11","00/20","","Sets or reads the ON/OFF status of the 20 dB attenuator. (00=OFF, 20=ON)"
"12","00","00/01","Sets or reads the ON/OFF status of a receiving antenna. (00=OFF, 01=ON)"
"13","00","","Requests the transceiver to announce the current S-meter level, operating frequency, and operating mode. The S-meter level will not be announced when the S-Level SPEECH function is set to OFF (1A 05 00 44 00)."
"13","01","","Requests the transceiver to announce the current S-meter level and operating frequency. The S-meter level will not be announced when the S-Level SPEECH function is set to OFF (1A 05 00 44 00)."
"13","02","","Requests the transceiver to announce the current operating mode. The mode will be announced following the current frequency announcement."
"14","01","00 00 ~ 02 55","Sets or reads the AF gain. (00 00=Minimum ~ 02 55=Maximum)"
"14","02","00 00 ~ 02 55","Sets or reads the RF gain. (00 00=Minimum ~ 02 55=Maximum)"
"14","03","00 00 ~ 02 55","Sets or reads the squelch level. (00 00=Minimum ~ 02 55=Maximum)"
"14","05","00 00 ~ 02 55","Sets or reads the peak frequency for the Audio Peak Filter. (10 Hz steps) (00 00=Pitch–550 Hz ~ 01 28=Pitch ~ 02 55=Pitch+550 Hz)"
"14","06","00 00 ~ 02 55","Sets or reads the Noise Reduction level. (00 00=0% ~ 02 55=100%)"
"14","07","00 00 ~ 02 55","Sets or reads the shift value for the Digital Twin Passband Tuning (inner: PBT1). (00 00=Narrows the upper frequency. ~ 01 28=Passband center frequency ~ 02 55=Narrows the lower frequency.)"
"14","08","00 00 ~ 02 55","Sets or reads the shift value for the Digital Twin Passband Tuning (outer: PBT2). (00 00=Narrows the upper frequency. ~ 01 28=Passband center frequency ~ 02 55=Narrows the lower frequency.)"
"14","09","00 00 ~ 02 55","Sets or reads the CW pitch frequency. (5 Hz steps) (00 00=300 Hz ~ 01 28=600 Hz ~ 02 55=900 Hz)"
"14","0A","00 00 ~ 02 55","Sets or reads the RF power. (00 00=Minimum ~ 02 55=Maximum)"
"14","0B","00 00 ~ 02 55","Sets or reads the microphone gain. (00 00=Minimum ~ 02 55=Maximum)"
"14","0C","00 00 ~ 02 55","Sets or reads the keying speed. (00 00=6 WPM ~ 02 55=48 WPM)"
"14","0D","00 00 ~ 02 55","Sets or reads the Notch filter setting. (00 00=Moves to higher frequencies. ~ 01 28=Middle of the passband width ~ 02 55=Moves to lower frequencies.)"
"14","0E","00 00 ~ 02 55","Sets or reads the Speech Compressor level. (00 00=0 ~ 02 55=10)"
"14","0F","00 00 ~ 02 55","Sets or reads the Break-in delay setting. (00 00=2.0d ~ 02 55=13.0d)"
"14","12","00 00 ~ 02 55","Sets or reads the Noise Blanker level. (00 00=0% ~ 02 55=100%)"
"14","15","00 00 ~ 02 55","Sets or reads the gain of the monitored audio. (00 00=0% ~ 02 55=100%)"
"14","16","00 00 ~ 02 55","Sets or reads the VOX sensitivity level. (00 00=0% ~ 02 55=100%)"
"14","17","00 00 ~ 02 55","Sets or reads the ANTI VOX sensitivity level. (00 00=0% ~ 02 55=100%) Higher values make the VOX function less sensitive to the audio."
"14","19","00 00 ~ 02 55","Sets or reads the LCD backlight brightness. (00 00=0% ~ 02 55=100%)"
"15","01","00/01","Reads the Open/Closed status of the Noise or S-meter squelch. (00=Closed, 01=Open)"
"15","02","00 00 ~ 02 55","Reads the S-meter level. (00 00=S0 ~ 01 20=S9 ~ 02 41=S9+60 dB)"
"15","05","00/01","Reads the Open/Closed status of the squelch considering various squelch functions. (00=Closed, 01=Open)"
"15","07","00/01","Reads the status of the OVF (Overflow) indicator. (00=Not displayed, 01=Displayed)"
"15","11","00 00 ~ 02 55","Reads the current Po meter level. (00 00=0% ~ 01 43=50% ~ 02 13=100%) ""00 00"" will be returned while receiving."
"15","12","00 00 ~ 02 55","Reads the current SWR meter level. (00 00=SWR1.0, 00 48=SWR1.5, 00 80=SWR2.0, 01 20=SWR3.0) ""00 00"" will be returned while receiving."
"15","13","00 00 ~ 02 55","Reads the current ALC meter level. (00 00=Minimum ~ 01 20=Maximum) ""00 00"" will be returned while receiving."
"15","14","00 00 ~ 02 55","Reads the current COMP meter level. (00 00=0 dB ~ 01 30=15 dB ~ 02 10=30 dB) ""00 00"" will be returned while receiving."
"15","15","00 00 ~ 02 55","Reads the current Vd meter level. (00 00=0 V, 00 13=10 V, 02 41=16 V)"
"15","16","00 00 ~ 02 55","Reads the current Id meter level. (00 00=0, 00 97=10, 01 46=15, 02 41=25)"
"16","02","00 ~ 02","Sets or reads the ON/OFF status of a preamp. (00=OFF, 01=P.AMP1 ON, 02=P.AMP2 ON)"
"16","12","01 ~ 03","Sets or reads the AGC time constant. (01=FAST, 02=MID, 03=SLOW)"
"16","22","00/01","Sets or reads the ON/OFF status of the Noise Blanker function. (00=OFF, 01=ON)"
"16","32","00","Turns the APF OFF."
"16","32","01","Turns the WIDE APF ON. (The 320 Hz APF will be ON when the APF type is set to SHARP.)"
"16","32","02","Turns the MID APF ON. (The 160 Hz APF will be ON when the APF type is set to SHARP.)"
"16","32","03","Turns the NAR APF ON. (The 80 Hz APF will be ON when the APF type is set to SHARP.)"
"16","40","00/01","Sets or reads the ON/OFF status of the Noise Reduction function. (00=OFF, 01=ON)"
"16","41","00/01","Sets or reads the ON/OFF status of the Auto Notch filter. (00=OFF, 01=ON)"
"16","42","00/01","Sets or reads the ON/OFF status of the Repeater tone. (00=OFF, 01=ON)"
"16","43","00/01","Sets or reads the ON/OFF status of the Tone squelch. (00=OFF, 01=ON)"
"16","44","00/01","Sets or reads the ON/OFF status of the Speech Compressor function. (00=OFF, 01=ON)"
"16","45","00/01","Sets or reads the ON/OFF status of the Monitor function. (00=OFF, 01=ON)"
"16","46","00/01","Sets or reads the ON/OFF status of the VOX function. (00=OFF, 01=ON)"
"16","47","00 ~ 02","Sets or reads the ON/OFF status of the Break-in function in the CW mode. (00=OFF, 01=Semi Break-in function ON, 02=Full Break-in function ON)"
"16","48","00/01","Sets or reads the ON/OFF status of the Manual Notch function. (00=OFF, 01=ON)"
"16","4F","00/01","Sets or reads the ON/OFF status of the Twin Peak Filter. (00=OFF, 01=ON) Can be turned ON only when the Mark frequency and Shift frequency are set to 2125 Hz and 170 Hz, respectively."
"16","50","00/01","Sets or reads the ON/OFF status of the Lock function. (00=OFF, 01=ON) MAIN DIAL or the panel display is locked, depending on the Lock function setting (1A 05 00 48)."
"16","56","00/01","Sets or reads the IF filter shape. (00=SHARP, 01=SOFT)"
"16","57","00 ~ 02","Sets or reads the filter width for the Manual Notch function. (00=WIDE, 01=MID, 02=NAR)"
"16","58","00 ~ 02","Sets or reads the transmit filter bandwidth for the SSB mode. (00=WIDE, 01=MID, 02=NAR) Depending on whether the Speech Compressor function is set to ON or OFF (16 44 00/01), one of the TX bandwidths corresponding to the following commands will be applied: WIDE (Command: 1A 05 00 14), MID (Command: 1A 05 00 15), or NAR (Command: 1A 05 00 16)"
"16","65","00/01","Sets or reads the ON/OFF status of the IP Plus function. (00=OFF, 01=ON)"
"16","66","00/01","Sets or reads the ON/OFF status of the TX Inhibit function. (00=OFF, 01=ON)"
"17","","See p. 16","Sends CW messages. When the transceiver is transmitting or the Break-in function is ON in the CW mode, a message will be transmitted as CW code when you remotely send it from the controller (PC)."
"18","00","","Turns the transceiver OFF."
"18","01","","Turns the transceiver ON. See p. 16."
"19","00","","Reads the transceiver ID."
"1A","00","See p. 17","Sets or reads a specific Memory channel content."
"1A","01","See p. 19","Sets or reads a specific band stacking register content."
"1A","02","See p. 19","Sets or reads a specific Keyer Memory content. Multiple channels can simultaneously have the same contest number. A single channel can have several contest numbers at the same time."
"1A","03","See p. 19","Sets or reads the IF filter width."
"1A","04","See p. 20","Sets or reads the AGC time constant."
"1A","05,0001","See p. 20","Sets or reads the RX HPF/LPF settings. (SSB)"
"1A","05,0002","00 ~ 10","Sets or reads the RX Tone (Bass) level. (SSB) (00=–5 ~ 10=+5)"
"1A","05,0003","00 ~ 10","Sets or reads the RX Tone (Treble) level. (SSB) (00=–5 ~ 10=+5)"
"1A","05,0004","See p. 20","Sets or reads the RX HPF/LPF settings. (AM)"
"1A","05,0005","00 ~ 10","Sets or reads the RX Tone (Bass) level. (AM) (00=–5 ~ 10=+5)"
"1A","05,0006","00 ~ 10","Sets or reads the RX Tone (Treble) level. (AM) (00=–5 ~ 10=+5)"
"1A","05,0007","See p. 20","Sets or reads the RX HPF/LPF settings. (FM)"
"1A","05,0008","00 ~ 10","Sets or reads the RX Tone (Bass) level. (FM) (00=–5 ~ 10=+5)"
"1A","05,0009","00 ~ 10","Sets or reads the RX Tone (Treble) level. (FM) (00=–5 ~ 10=+5)"
"1A","05,0010","See p. 20","Sets or reads the RX HPF/LPF settings. (CW)"
"1A","05,0011","See p. 20","Sets or reads the RX HPF/LPF settings. (RTTY)"
"1A","05,0012","00 ~ 10","Sets or reads the TX Tone (Bass) level. (SSB) (00=–5 ~ 10=+5)"
"1A","05,0013","00 ~ 10","Sets or reads the TX Tone (Treble) level. (SSB) (00=–5 ~ 10=+5)"
"1A","05,0014","See p. 20","Sets or reads the TBW (WIDE) setting."
"1A","05,0015","See p. 20","Sets or reads the TBW (MID) setting."
"1A","05,0016","See p. 20","Sets or reads the TBW (NAR) setting. (SSB-D)"
"1A","05,0017","See p. 20","Sets or reads the TBW setting. (AM)"
"1A","05,0018","00 ~ 10","Sets or reads the TX Tone (Bass) level. (AM) (00=–5 ~ 10=+5)"
"1A","05,0019","00 ~ 10","Sets or reads the TX Tone (Treble) level. (AM) (00=–5 ~ 10=+5)"
"1A","05,0020","00 ~ 10","Sets or reads the TX Tone (Bass) level. (FM) (00=–5 ~ 10=+5)"
"1A","05,0021","00 ~ 10","Sets or reads the TX Tone (Treble) level. (FM) (00=–5 ~ 10=+5)"
"1A","05,0022","00 00 ~ 02 55","Sets or reads the Beep Level. (00 00=Minimum ~ 02 55=Maximum)"
"1A","05,0023","00/01","Sets or reads the Beep Level Limit setting. (00=OFF, 01=ON)"
"1A","05,0024","00/01","Sets or reads the Beep (Confirmation) setting. (00=OFF, 01=ON)"
"1A","05,0025","00 ~ 03","Sets or reads the Band Edge Beep setting. (00=OFF, 01=ON (Default), 02=ON (User), 03=ON (User) & TX Limit)"
"1A","05,0026","00 ~ 02","Sets or reads the RF/SQL Control setting. (00=Auto, 01=SQL, 02=RF+SQL)"
"1A","05,0027","00/01","Sets or reads the Cancel CI-V Remote Set Levels setting. (00=All Volume Levels, 01=Operated Volume Level)"
"1A","05,0028","00/01","Sets or reads the MF Band ATT setting. (00=OFF, 01=ON)"
"1A","05,0029","00 ~ 05","Sets or reads the TX Delay setting. (HF) (00=OFF, 01=10 ms, 02=15 ms, 03=20 ms, 04=25 ms, 05=30 ms)"
"1A","05,0030","00 ~ 05","Sets or reads the TX Delay setting. (50M) (00=OFF, 01=10 ms, 02=15 ms, 03=20 ms, 04=25 ms, 05=30 ms)"
"1A","05,0031","00 ~ 05","Sets or reads the TX Delay setting. (70M) (00=OFF, 01=10 ms, 02=15 ms, 03=20 ms, 04=25 ms, 05=30 ms)"
"1A","05,0032","00 ~ 05","Sets or reads the Time-Out Timer (CI-V) setting. (00=OFF, 01=3 min, 02=5 min, 03=10 min, 04=20 min, 05=30 min) Valid only for transmission initiated by a CI-V command or by pushing TRANSMIT on the transceiver."
"1A","05,0033","00/01","Sets or reads the Quick SPLIT setting. (00=OFF, 01=ON)"
"1A","05,0034","See p. 20","Sets or reads the FM SPLIT Offset (HF) setting."
"1A","05,0035","See p. 20","Sets or reads the FM SPLIT Offset (50M) setting."
"1A","05,0036","00/01","Sets or reads the SPLIT LOCK setting. (00=OFF, 01=ON)"
"1A","05,0037","00/01","Sets or reads the [TUNER] Switch setting. (00=Manual, 01=Auto)"
"1A","05,0038","00/01","Sets or reads the PTT Start setting. (00=OFF, 01=ON)"
"1A","05,0039","00 ~ 02","Sets or reads the RTTY Mark Frequency setting. (00=1275 Hz, 01=1615 Hz, 02=2125 Hz)"
"1A","05,0040","00 ~ 02","Sets or reads the RTTY Shift Width setting. (00=170 Hz, 01=200 Hz, 02=425 Hz)"
"1A","05,0041","00/01","Sets or reads the RTTY Keying Polarity setting. (00=Normal, 01=Reverse)"
"1A","05,0042","00/01","Sets or reads the SPEECH Language setting. (00=English, 01=Japanese)"
"1A","05,0043","00/01","Sets or reads the SPEECH Speed setting. (00=Slow, 01=Fast)"
"1A","05,0044","00/01","Sets or reads the S-Level SPEECH setting. (00=OFF, 01=ON)"
"1A","05,0045","00/01","Sets or reads the MODE SPEECH setting. (00=OFF, 01=ON)"
"1A","05,0046","00 00 ~ 02 55","Sets or reads the SPEECH Level setting. (00 00=0% ~ 02 55=100%)"
"1A","05,0047","00/01","Sets or reads the [SPEECH/LOCK] Switch setting. (00=SPEECH/LOCK, 01=LOCK/SPEECH)"
"1A","05,0048","00/01","Sets or reads the Lock Function setting. (00=MAIN DIAL, 01=PANEL) When PANEL is selected, keys and dials are also locked except for AF RF/SQL, POWER, and SPEECH."
"1A","05,0049","00/01","Sets or reads the Memo Pad Quantity setting. (00=5 ch, 01=10 ch)"
"1A","05,0050","00 ~ 02","Sets or reads the MAIN DIAL Auto TS setting. (00=OFF, 01=Low, 02=High)"
"1A","05,0051","00/01","Sets or reads the MIC Up/Down Speed setting. (00=Slow, 01=Fast)"
"1A","05,0052","00/01","Sets or reads the Quick RIT/∂TX Clear setting. (00=OFF, 01=ON)"
"1A","05,0053","00 ~ 02","Sets or reads the [NOTCH] Switch (SSB) setting. (00=Auto, 01=Manual, 02=Auto/Manual)"
"1A","05,0054","00 ~ 02","Sets or reads the [NOTCH] Switch (AM) setting. (00=Auto, 01=Manual, 02=Auto/Manual)"
"1A","05,0055","00/01","Sets or reads the SSB/CW Synchronous Tuning setting. (00=OFF, 01=ON)"
"1A","05,0056","00/01","Sets or reads the CW Normal Side setting. (00=LSB, 01=USB)"
"1A","05,0057","See p. 21","Sets or reads the [VOX/BK-IN] setting."
"1A","05,0058","See p. 23","Sets or reads the [AUTOTUNE] setting."
"1A","05,0059","See p. 21","Sets or reads the [] setting."
"1A","05,0060","See p. 21","Sets or reads the [] setting."
"1A","05,0061","See p. 21","Sets or reads the [UP] setting."
"1A","05,0062","See p. 21","Sets or reads the [DN] setting."
"1A","05,0063","00/01","Sets or reads the Screen Capture [POWER] SW setting. (00=OFF, 01=ON)"
"1A","05,0064","00/01","Sets or reads the Screen Capture File Type setting. (00=PNG, 01=BMP)"
"1A","05,0065","00/01","Sets or reads the Keyboard Type setting. (00=Ten-key, 01=Full Keyboard)"
"1A","05,0066","00 ~ 02","Sets or reads the Full Keyboard Layout setting. (00=English, 01=German, 02=French)"
"1A","05,0067","00/01","Sets or reads the Calibration Marker setting. (00=OFF, 01=ON)"
"1A","05,0068","00 00 ~ 02 55","Sets or reads the REF Adjust setting. (00 00=0%, 02 55=100%)"
"1A","05,0069","00/01","Sets or reads the Output Select setting. (USB AF/IF Output) (00=AF, 01=IF)"
"1A","05,0070","00 00 ~ 02 55","Sets or reads the AF Output Level setting. (USB AF/IF Output) (00 00=0% ~ 02 55=100%)"
"1A","05,0071","00/01","Sets or reads the AF SQL setting. (USB AF/IF Output) (00=OFF (Open), 01=ON)"
"1A","05,0072","00/01","Sets or reads the AF Beep/Speech Output setting. (USB AF/IF Output) (00=OFF, 01=ON)"
"1A","05,0073","00 00 ~ 02 55","Sets or reads the IF Output Level setting. (USB AF/IF Output) (00 00=0% ~ 02 55=100%)"
"1A","05,0074","00/01","Sets or reads the Output Select setting. (ACC AF/IF Output) (00=AF, 01=IF)"
"1A","05,0075","00 00 ~ 02 55","Sets or reads the AF Output Level setting. (ACC AF/IF Output) (00 00=0% ~ 02 55=100%)"
"1A","05,0076","00/01","Sets or reads the AF SQL setting. (ACC AF/IF Output) (00=OFF (Open), 01=ON)"
"1A","05,0077","00/01","Sets or reads the AF Beep/Speech Output setting. (ACC AF/IF Output) (00=OFF, 01=ON)"
"1A","05,0078","00 00 ~ 02 55","Sets or reads the IF Output Level setting. (ACC AF/IF Output) (00 00=0% ~ 02 55=100%)"
"1A","05,0079","00/01","Sets or reads the Output Select setting. (LAN AF/IF Output) (00=AF, 01=IF)"
"1A","05,0080","00/01","Sets or reads the AF SQL setting. (LAN AF/IF Output) (00=OFF (Open), 01=ON)"
"1A","05,0081","00 00 ~ 02 55","Sets or reads the USB MOD Level setting. (00 00=0% ~ 02 55=100%)"
"1A","05,0082","00 00 ~ 02 55","Sets or reads the ACC MOD Level setting. (00 00=0% ~ 02 55=100%)"
"1A","05,0083","00 00 ~ 02 55","Sets or reads the LAN MOD Level setting. (00 00=0% ~ 02 55=100%)"
"1A","05,0084","00 ~ 05","Sets or reads the DATA OFF MOD setting. (00=MIC, 01=USB, 02=ACC, 03=MIC, USB, 04=MIC, ACC, 05=LAN)"
"1A","05,0085","00 ~ 05","Sets or reads the DATA MOD setting. (00=MIC, 01=USB, 02=ACC, 03=MIC, USB, 04=MIC, ACC, 05=LAN)"
"1A","05,0086","00/01","Sets or reads the VOICE setting. (External Keypad) (00=OFF, 01=ON)"
"1A","05,0087","00/01","Sets or reads the KEYER setting. (External Keypad) (00=OFF, 01=ON)"
"1A","05,0088","00/01","Sets or reads the RTTY setting. (External Keypad) (00=OFF, 01=ON)"
"1A","05,0089","00/01","Sets or reads the CI-V Transceive setting. (00=OFF, 01=ON)"
"1A","05,0090","00 00 ~ 02 23","Sets or reads the USB/LAN→REMOTE Transceive Address setting. (00 00=00h ~ 02 23=DFh)"
"1A","05,0091","00/01","Sets or reads the CI-V Output (for ANT) setting. (00=OFF, 01=ON)"
"1A","05,0092","00/01","Sets or reads the CI-V USB (A) Echo Back setting. (00=OFF, 01=ON)"
"1A","05,0093","00/01","Sets or reads the CI-V USB (B) Echo Back setting. (00=OFF, 01=ON)"
"1A","05,0094","00/01","Sets or reads the USB (B) Function setting. (00=RTTY Decode, 01=CI-V)"
"1A","05,0095","00/01","Sets or reads the SEND Relay Output setting. (00=OFF, 01=ON)"
"1A","05,0096","00 ~ 04","Sets or reads the USB SEND setting. (00=OFF, 01=USB (A) DTR, 02=USB (A) RTS, 03=USB (B) DTR, 04=USB (B) RTS) USB (A) and USB (B) are the 2 virtual COM ports on the [USB] port on the rear panel. You cannot select the same terminal used for USB Keying (CW) or USB Keying (RTTY) setting."
"1A","05,0097","00 ~ 04","Sets or reads the USB Keying (CW) setting. (00=OFF, 01=USB (A) DTR, 02=USB (A) RTS, 03=USB (B) DTR, 04=USB (B) RTS) USB (A) and USB (B) are the 2 virtual COM ports on the [USB] port on the rear panel. You cannot select the same terminal used for the USB SEND setting."
"1A","05,0098","00 ~ 04","Sets or reads the USB Keying (RTTY) setting. (00=OFF, 01=USB (A) DTR, 02=USB (A) RTS, 03=USB (B) DTR, 04=USB (B) RTS) USB (A) and USB (B) are the 2 virtual COM ports on the [USB] port on the rear panel. You cannot select the same terminal used for the USB SEND setting."
"1A","05,0099","00/01","Sets or reads the PTT Port Function setting. (00=PTT Input, 01=PTT Input + SEND Output)"
"1A","05,0100","00/01","Sets or reads the DHCP (valid after restart) setting. (00=OFF, 01=ON)"
"1A","05,0101","See p. 21","Sets or reads the IP Address (valid after restart) setting. Valid when DHCP is set to OFF (1A 05 01 00 00). You cannot set the same address as ""Default Gateway."""
"1A","05,0102","See p. 21","Reads the IP address obtained by DHCP (valid after restart). When DHCP is set to OFF (1A 05 01 00 00), the manually set IP address will be returned."
"1A","05,0103","01 ~ 30","Sets or reads the Subnet Mask (valid after restart) setting. (01=128.0.0.0 (1 bit) ~ 30=255.255.255.252 (30 bit)) Valid when DHCP is set to OFF (1A 05 01 00 00)."
"1A","05,0104","See p. 21","Sets or reads the Default Gateway (valid after restart) setting. Valid when DHCP is set to OFF (1A 05 01 00 00). You cannot set the same address as ""IP Address."""
"1A","05,0105","See p. 21","Sets or reads the Primary DNS Server (valid after restart) setting. Valid when DHCP is set to OFF (1A 05 01 00 00)."
"1A","05,0106","See p. 21","Sets or reads the Secondary DNS Server (valid after restart) setting. Valid when DHCP is set to OFF (1A 05 01 00 00)."
"1A","05,0107","See p. 18","Sets or reads the Network Name setting. (Up to 15 characters)"
"1A","05,0108","00/01","Sets or reads the Network Control (valid after restart) setting. (00=OFF, 01=ON)"
"1A","05,0109","00/01","Sets or reads the Power OFF Setting (for Remote Control) setting. (00=Only Shutdown, 01=Standby/Shutdown)"
"1A","05,0110","00 00 01 ~ 06 55 35","Sets or reads the Control Port (UDP) (valid after restart) setting. (00 00 01=1 ~ 06 55 35=65535)"
"1A","05,0111","00 00 01 ~ 06 55 35","Sets or reads the Serial Port (UDP) (valid after restart) setting. (00 00 01=1 ~ 06 55 35=65535)"
"1A","05,0112","00 00 01 ~ 06 55 35","Sets or reads the Audio Port (UDP) (valid after restart) setting. (00 00 01=1 ~ 06 55 35=65535)"
"1A","05,0113","00/01","Sets or reads the Internet Access Line (valid after restart) setting. (00=FTTH (Fiber To The Home), 01=ADSL/CATV)"
"1A","05,0114","See p. 18","Sets or reads the Network Radio Name setting. (Up to 16 characters)"
"1A","05,0115","00 00 ~ 02 55","Sets or reads the LCD Backlight setting. (00 00=0% ~ 02 55=100%)"
"1A","05,0116","00/01","Sets or reads the Display Type setting. (00=A (Black background), 01=B (Blue background))"
"1A","05,0117","00/01","Sets or reads the Display Font setting. (00=Square, 01=Round)"
"1A","05,0118","00/01","Sets or reads the Meter Peak Hold setting. (00=OFF, 01=ON)"
"1A","05,0119","00/01","Sets or reads the Memory Name setting. (00=OFF, 01=ON)"
"1A","05,0120","00/01","Sets or reads the MN-Q Popup (MN OFF→ON) setting. (00=OFF, 01=ON)"
"1A","05,0121","00/01","Sets or reads the BW Popup (PBT) setting. (00=OFF, 01=ON)"
"1A","05,0122","00/01","Sets or reads the BW Popup (FIL) setting. (00=OFF, 01=ON)"
"1A","05,0123","00 ~ 03","Sets or reads the Screen Saver setting. (00=OFF, 01=15 minutes, 02=30 minutes, 03=60 minutes)"
"1A","05,0124","00/01","Sets or reads the External Display setting. (00=OFF, 01=ON)"
"1A","05,0125","00 ~ 02","Sets or reads the Resolution setting. (00=640x480, 01=1024x768, 02=1280x720)"
"1A","05,0126","00/01","Sets or reads the Audio Output setting. (00=OFF, 01=ON)"
"1A","05,0127","00/01","Sets or reads the Opening Message setting. (00=OFF, 01=ON)"
"1A","05,0128","See p. 18","Sets or reads the My Call setting. (Up to 10 characters)"
"1A","05,0129","00/01","Sets or reads the Power ON Check setting. (00=OFF, 01=ON)"
"1A","05,0130","00/01","Sets or reads the Display Language setting. (00=English, 01=Japanese)"
"1A","05,0131","00/01","Sets or reads the System Language setting. (00=English, 01=Japanese)"
"1A","05,0132","20 20 01 01 ~ 20 99 12 31","Sets or reads the Date setting. (20 20 01 01=2020/01/01 ~ 20 99 12 31=2099/12/31)"
"1A","05,0133","00 00 ~ 23 59","Sets or reads the Time setting. (00 00=00:00 ~ 23 59=23:59)"
"1A","05,0134","00/01","Sets or reads the NTP Function setting. (00=OFF, 01=ON)"
"1A","05,0135","See p. 18","Sets or reads the NTP Server Address setting. (Up to 64 characters)"
"1A","05,0136","See p. 22","Sets or reads the UTC Offset setting."
"1A","05,0137","00/01","Sets or reads the Scope during Tx (CENTER Type) setting. (00=OFF, 01=ON)"
"1A","05,0138","00 ~ 02","Sets or reads the Max Hold setting. (00=OFF, 01=10s Hold, 02=ON)"
"1A","05,0139","00 ~ 02","Sets or reads the CENTER Type Display setting. (00=Filter Center, 01=Carrier Point center, 02=Carrier Point center (Abs. Freq.))"
"1A","05,0140","00/01","Sets or reads the Marker Position (Fix Type/SCROLL Type) setting. (00=Filter Center, 01=Carrier Point)"
"1A","05,0141","00/01","Sets or reads the VBW setting. (00=Narrow, 01=Wide)"
"1A","05,0142","00 ~ 03","Sets or reads the Averaging setting. (00=OFF, 01=2, 02=3, 03=4)"
"1A","05,0143","00/01","Sets or reads the Waveform Type setting. (00=Fill, 01=Fill+Line)"
"1A","05,0144","See p. 22","Sets or reads the Waveform Color (Current) setting."
"1A","05,0145","See p. 22","Sets or reads the Waveform Color (Line) setting."
"1A","05,0146","See p. 22","Sets or reads the Waveform Color (Max Hold) setting."
"1A","05,0147","00/01","Sets or reads the Waterfall Display setting. (00=OFF, 01=ON)"
"1A","05,0148","00 ~ 02","Sets or reads the Waterfall Speed setting. (00=Slow, 01=Mid, 02=Fast)"
"1A","05,0149","00 ~ 02","Sets or reads the Waterfall Size (Expand Screen) setting. (00=Small, 01=Mid, 02=Large)"
"1A","05,0150","00 ~ 07","Sets or reads the Waterfall Peak Color Level setting. (00=Grid 1 ~ 07=Grid 8)"
"1A","05,0151","00/01","Sets or reads the Waterfall Marker Auto-hide setting. (00=OFF, 01=ON)"
"1A","05,0152","See p. 22","Sets or reads the Fixed Edge No.1 setting. (0.03 ~ 1.60)"
"1A","05,0153","","Sets or reads the Fixed Edge No.2 setting. (0.03 ~ 1.60)"
"1A","05,0154","","Sets or reads the Fixed Edge No.3 setting. (0.03 ~ 1.60)"
"1A","05,0155","","Sets or reads the Fixed Edge No.4 setting. (0.03 ~ 1.60)"
"1A","05,0156","See p. 22","Sets or reads the Fixed Edge No.1 setting. (1.60 ~ 2.00)"
"1A","05,0157","","Sets or reads the Fixed Edge No.2 setting. (1.60 ~ 2.00)"
"1A","05,0158","","Sets or reads the Fixed Edge No.3 setting. (1.60 ~ 2.00)"
"1A","05,0159","","Sets or reads the Fixed Edge No.4 setting. (1.60 ~ 2.00)"
"1A","05,0160","See p. 22","Sets or reads the Fixed Edge No.1 setting. (2.00 ~ 6.00)"
"1A","05,0161","","Sets or reads the Fixed Edge No.2 setting. (2.00 ~ 6.00)"
"1A","05,0162","","Sets or reads the Fixed Edge No.3 setting. (2.00 ~ 6.00)"
"1A","05,0163","","Sets or reads the Fixed Edge No.4 setting. (2.00 ~ 6.00)"
"1A","05,0164","See p. 22","Sets or reads the Fixed Edge No.1 setting. (6.00 ~ 8.00)"
"1A","05,0165","","Sets or reads the Fixed Edge No.2 setting. (6.00 ~ 8.00)"
"1A","05,0166","","Sets or reads the Fixed Edge No.3 setting. (6.00 ~ 8.00)"
"1A","05,0167","","Sets or reads the Fixed Edge No.4 setting. (6.00 ~ 8.00)"
"1A","05,0168","See p. 22","Sets or reads the Fixed Edge No.1 setting. (8.00 ~ 11.00)"
"1A","05,0169","","Sets or reads the Fixed Edge No.2 setting. (8.00 ~ 11.00)"
"1A","05,0170","","Sets or reads the Fixed Edge No.3 setting. (8.00 ~ 11.00)"
"1A","05,0171","","Sets or reads the Fixed Edge No.4 setting. (8.00 ~ 11.00)"
"1A","05,0172","See p. 22","Sets or reads the Fixed Edge No.1 setting. (11.00 ~ 15.00)"
"1A","05,0173","","Sets or reads the Fixed Edge No.2 setting. (11.00 ~ 15.00)"
"1A","05,0174","","Sets or reads the Fixed Edge No.3 setting. (11.00 ~ 15.00)"
"1A","05,0175","","Sets or reads the Fixed Edge No.4 setting. (11.00 ~ 15.00)"
"1A","05,0176","See p. 22","Sets or reads the Fixed Edge No.1 setting. (15.00 ~ 20.00)"
"1A","05,0177","","Sets or reads the Fixed Edge No.2 setting. (15.00 ~ 20.00)"
"1A","05,0178","","Sets or reads the Fixed Edge No.3 setting. (15.00 ~ 20.00)"
"1A","05,0179","","Sets or reads the Fixed Edge No.4 setting. (15.00 ~ 20.00)"
"1A","05,0180","See p. 22","Sets or reads the Fixed Edge No.1 setting. (20.00 ~ 22.00)"
"1A","05,0181","","Sets or reads the Fixed Edge No.2 setting. (20.00 ~ 22.00)"
"1A","05,0182","","Sets or reads the Fixed Edge No.3 setting. (20.00 ~ 22.00)"
"1A","05,0183","","Sets or reads the Fixed Edge No.4 setting. (20.00 ~ 22.00)"
"1A","05,0184","See p. 22","Sets or reads the Fixed Edge No.1 setting. (22.00 ~ 26.00)"
"1A","05,0185","","Sets or reads the Fixed Edge No.2 setting. (22.00 ~ 26.00)"
"1A","05,0186","","Sets or reads the Fixed Edge No.3 setting. (22.00 ~ 26.00)"
"1A","05,0187","","Sets or reads the Fixed Edge No.4 setting. (22.00 ~ 26.00)"
"1A","05,0188","See p. 22","Sets or reads the Fixed Edge No.1 setting. (26.00 ~ 30.00)"
"1A","05,0189","","Sets or reads the Fixed Edge No.2 setting. (26.00 ~ 30.00)"
"1A","05,0190","","Sets or reads the Fixed Edge No.3 setting. (26.00 ~ 30.00)"
"1A","05,0191","","Sets or reads the Fixed Edge No.4 setting. (26.00 ~ 30.00)"
"1A","05,0192","See p. 22","Sets or reads the Fixed Edge No.1 setting. (30.00 ~ 45.00)"
"1A","05,0193","","Sets or reads the Fixed Edge No.2 setting. (30.00 ~ 45.00)"
"1A","05,0194","","Sets or reads the Fixed Edge No.3 setting. (30.00 ~ 45.00)"
"1A","05,0195","","Sets or reads the Fixed Edge No.4 setting. (30.00 ~ 45.00)"
"1A","05,0196","See p. 22","Sets or reads the Fixed Edge No.1 setting. (45.00 ~ 60.00)"
"1A","05,0197","","Sets or reads the Fixed Edge No.2 setting. (45.00 ~ 60.00)"
"1A","05,0198","","Sets or reads the Fixed Edge No.3 setting. (45.00 ~ 60.00)"
"1A","05,0199","","Sets or reads the Fixed Edge No.4 setting. (45.00 ~ 60.00)"
"1A","05,0200","See p. 22","Sets or reads the Fixed Edge No.1 setting. (60.00 ~ 74.80)"
"1A","05,0201","","Sets or reads the Fixed Edge No.2 setting. (60.00 ~ 74.80)"
"1A","05,0202","","Sets or reads the Fixed Edge No.3 setting. (60.00 ~ 74.80)"
"1A","05,0203","","Sets or reads the Fixed Edge No.4 setting. (60.00 ~ 74.80)"
"1A","05,0204","00/01","Sets or reads the FFT Scope Waveform Type setting. (00=Line, 01=Fill)"
"1A","05,0205","See p. 22","Sets or reads the FFT Scope Waveform Color setting."
"1A","05,0206","00/01","Sets or reads the FFT Scope Waterfall Display setting. (00=OFF, 01=ON)"
"1A","05,0207","See p. 22","Sets or reads the Oscilloscope Waveform Color setting."
"1A","05,0208","00 ~ 04","Sets or reads the Number Style setting. (00=Normal, 01=190→ANO, 02=190→ANT, 03=90→NO, 04=90→NT)"
"1A","05,0209","00/01","Sets or reads the Count Up Trigger (M1) setting. (00=OFF, 01=ON)"
"1A","05,0210","00/01","Sets or reads the Count Up Trigger (M2) setting. (00=OFF, 01=ON)"
"1A","05,0211","00/01","Sets or reads the Count Up Trigger (M3) setting. (00=OFF, 01=ON)"
"1A","05,0212","00/01","Sets or reads the Count Up Trigger (M4) setting. (00=OFF, 01=ON)"
"1A","05,0213","00/01","Sets or reads the Count Up Trigger (M5) setting. (00=OFF, 01=ON)"
"1A","05,0214","00/01","Sets or reads the Count Up Trigger (M6) setting. (00=OFF, 01=ON)"
"1A","05,0215","00/01","Sets or reads the Count Up Trigger (M7) setting. (00=OFF, 01=ON)"
"1A","05,0216","00/01","Sets or reads the Count Up Trigger (M8) setting. (00=OFF, 01=ON)"
"1A","05,0217","00 01 ~ 99 99","Sets or reads the Present Number setting. (00 01=1 ~ 99 99=9999)"
"1A","05,0218","00 00 ~ 02 55","Sets or reads the Side Tone Level setting. (00 00=0% ~ 02 55=100%)"
"1A","05,0219","00/01","Sets or reads the Side Tone Level Limit setting. (00=OFF, 01=ON)"
"1A","05,0220","01 ~ 60","Sets or reads the Keyer Repeat time setting. (01=1 sec. ~ 60=60 sec.)"
"1A","05,0221","28 ~ 45","Sets or reads the Dot/Dash Ratio setting. (28=1:1:2.8 ~ 45=1:1:4.5; 0.1 steps)"
"1A","05,0222","00 ~ 03","Sets or reads the Rise Time setting. (00=2 ms, 01=4 ms, 02=6 ms, 03=8 ms)"
"1A","05,0223","00/01","Sets or reads the Paddle Polarity setting. (00=Normal, 01=Reverse)"
"1A","05,0224","00 ~ 02","Sets or reads the Key Type setting. (00=Straight, 01=Bug, 02=Paddle)"
"1A","05,0225","00/01","Sets or reads the MIC Up/Down Keyer setting. (00=OFF, 01=ON)"
"1A","05,0226","00/01","Sets or reads the Decode Display setting. (00=OFF, 01=ON)"
"1A","05,0227","00/01","Sets or reads the Japanese Morse Decode setting. (00=OFF, 01=ON) System language must be set to Japanese (1A 05 01 31 01)."
"1A","05,0228","00 ~ 03","Sets or reads the FFT Scope Averaging setting. (00=OFF, 01=2, 02=3, 03=4)"
"1A","05,0229","See p. 22","Sets or reads the FFT Scope Waveform Color setting."
"1A","05,0230","00/01","Sets or reads the Decode USOS setting. (00=OFF, 01=ON)"
"1A","05,0231","00/01","Sets or reads the Decode New Line Code setting. (00=CR, LF, CR+LF, 01=CR+LF)"
"1A","05,0232","00/01","Sets or reads the TX USOS setting. (00=OFF, 01=ON)"
"1A","05,0233","See p. 22","Sets or reads the Font Color (Receive) setting."
"1A","05,0234","See p. 22","Sets or reads the Font Color (Transmit) setting."
"1A","05,0235","00/01","Sets or reads the Count Up Trigger (RT1) setting. (00=OFF, 01=ON)"
"1A","05,0236","00/01","Sets or reads the Count Up Trigger (RT2) setting. (00=OFF, 01=ON)"
"1A","05,0237","00/01","Sets or reads the Count Up Trigger (RT3) setting. (00=OFF, 01=ON)"
"1A","05,0238","00/01","Sets or reads the Count Up Trigger (RT4) setting. (00=OFF, 01=ON)"
"1A","05,0239","00/01","Sets or reads the Count Up Trigger (RT5) setting. (00=OFF, 01=ON)"
"1A","05,0240","00/01","Sets or reads the Count Up Trigger (RT6) setting. (00=OFF, 01=ON)"
"1A","05,0241","00/01","Sets or reads the Count Up Trigger (RT7) setting. (00=OFF, 01=ON)"
"1A","05,0242","00/01","Sets or reads the Count Up Trigger (RT8) setting. (00=OFF, 01=ON)"
"1A","05,0243","00 01 ~ 99 99","Sets or reads the Present Number setting. (00 01=1 ~ 99 99=9999)"
"1A","05,0244","00/01","Sets or reads the Decode Log setting. (00=OFF, 01=ON)"
"1A","05,0245","00/01","Sets or reads the File Type setting. (00=Text, 01=HTML)"
"1A","05,0246","00/01","Sets or reads the Time Stamp setting. (00=OFF, 01=ON)"
"1A","05,0247","00/01","Sets or reads the Time Stamp (Time) setting. (00=Local, 01=UTC)"
"1A","05,0248","00/01","Sets or reads the Time Stamp (Frequency) setting. (00=OFF, 01=ON)"
"1A","05,0249","See p. 22","Sets or reads the FFT Scope Waveform Color setting."
"1A","05,0250","See p. 22","Sets or reads the Signal Level Waveform Color setting."
"1A","05,0251","See p. 22","Sets or reads the Font Color (Receive) setting."
"1A","05,0252","See p. 22","Sets or reads the Font Color (Transmit) setting."
"1A","05,0253","00/01","Sets or reads the SCAN Speed setting. (00=Slow, 01=Fast)"
"1A","05,0254","00/01","Sets or reads the SCAN Resume setting. (00=OFF, 01=ON)"
"1A","05,0255","00 00 ~ 02 55","Sets or reads the TX LEVEL setting. (00 00=0% ~ 02 55=100%)"
"1A","05,0256","00/01","Sets or reads the Auto Monitor setting. (00=OFF, 01=ON)"
"1A","05,0257","01 ~ 15","Sets or reads the Repeat Time setting. (01=1 sec. ~ 15=15 sec.)"
"1A","05,0258","00/01","Sets or reads the TX REC Audio setting. (00=Direct, 01=Monitor)"
"1A","05,0259","00/01","Sets or reads the RX REC Condition setting. (00=Always, 01=Squelch Auto)"
"1A","05,0260","00/01","Sets or reads the File Split setting. (00=OFF, 01=ON)"
"1A","05,0261","00/01","Sets or reads the PTT Auto REC setting. (00=OFF, 01=ON)"
"1A","05,0262","00 ~ 03","Sets or reads the PRE-REC for PTT Auto REC setting. (00=OFF, 01=5 sec, 02=10 sec, 03=15 sec)"
"1A","05,0263","00 ~ 03","Sets or reads the Skip Time setting. (00=3 sec, 01=5 sec, 02=10 sec, 03=30 sec)"
"1A","05,0264","See p. 22","Sets or reads the CW [KEYER/DECODE] Key setting. (00=Select screen, 01=KEYER (Hold down: Select screen), 02=DECODE (Hold down: Select screen))"
"1A","05,0265","00 ~ 09","Sets or reads the DEPTH setting. (NB) (00=1 ~ 09=10)"
"1A","05,0266","00 00 ~ 02 55","Sets or reads the WIDTH setting. (NB) (00 00=1 ~ 02 55=100)"
"1A","05,0267","00 ~ 20","Sets or reads the Delay setting. (VOX) (00=0.0 sec. ~ 20=2.0 sec. in 0.1 sec. steps)"
"1A","05,0268","00 ~ 03","Sets or reads the Voice delay setting. (VOX) (00=OFF, 01=Short, 02=Mid, 03=Long)"
"1A","05,0269","00/01","Sets or reads the TYPE setting. (APF) (00=SHARP, 01=SOFT)"
"1A","05,0270","00 ~ 06","Sets or reads the AF LEVEL setting. (APF) (00=0 dB ~ 06=6 dB)"
"1A","06","See p. 22","Sets or reads the DATA mode and filter width settings."
"1A","07","00/01","Sets or reads the NTP server access. (00=Terminate, 01=Initiate)"
"1A","08","00 ~ 02","Reads the NTP server access result. (00=Accessing, or have not accessed after Power ON, 01=Successful, 02=Failed) ""00"" will be returned immediately after turning the transceiver ON. ""02"" will be returned when time synchronization is stopped by the command 1A 07 00."
"1B","00","See p. 23","Sets or reads the Repeater tone frequency."
"1B","01","See p. 23","Sets or reads the TSQL tone frequency."
"1C","00","00/01","Sets or reads the RX/TX status of the transceiver. (00=RX, 01=TX) Every time the transceiver switches between transmit and receive, its TX/RX status will automatically be output when the CI-V Output (for ANT) is set to ON (1C 04 01)."
"1C","01","00 ~ 02","Sets or reads the tuning status of the internal antenna tuner. (00=OFF, 01=ON, 02=Tune)"
"1C","02","00/01","Sets or reads whether to monitor the transmit frequency by the XFC function. (00=OFF, 01=ON)"
"1C","03","See p. 16","Reads the transmit frequency. Each time the transmit frequency changes, it will automatically be output when the CI-V Output (for ANT) is set to ON (1C 04 01). Setting the transmit frequency using this command is not allowed."
"1C","04","00/01","Sets or reads the CI-V Output (for ANT) setting. (00=OFF, 01=ON)"
"1E","00","","Reads the number of available TX frequency bands."
"1E","01","See p. 16","Reads the upper and lower edge frequencies of a specific frequency band."
"1E","02","","Reads the maximum number of the User Band Edges. ""30"" will be returned."
"1E","03","See p. 16","Sets or reads the upper and lower edge frequencies of a specific User Band Edge."
"21","00","See p. 23","Sets or reads the RIT frequency."
"21","01","00/01","Sets or reads the ON/OFF status of the RIT function. (00=OFF, 01=ON)"
"21","02","00/01","Sets or reads the ON/OFF status of the ∂TX function. (00=OFF, 01=ON)"
"25","","See p. 23","Sets or reads the operating frequency for the Selected or Unselected VFO."
"26","","See p. 23","Sets or reads the operating mode, ON/OFF status of the data mode, and IF filter width for the Selected or Unselected VFO."
"27","00","See p. 24","Outputs the scope waveform data to the controller (PC). The waveform data will be output to the controller (PC) only when both the spectrum scope (27 10) and the waveform data output function (27 11) are set to ON."
"27","10","00/01","Sets or reads the ON/OFF status of the spectrum scope. (00=OFF, 01=ON)"
"27","11","00/01","Sets or reads whether to output the scope waveform data to the controller (PC). (00=OFF, 01=ON) Valid only when sent through the [USB] or [LAN] port."
"27","12","00","Sets or reads whether to use the Main or Sub scope. (Main only)"
"27","13","00","Sets or reads whether to use the Single or Dual scope. (Single only)"
"27","14","See p. 25","Sets or reads the scope mode between the Center, Fixed, SCROLL-C, and SCROLL-F."
"27","15","See p. 25","Sets or reads the Span setting for the Center or SCROLL-C mode."
"27","16","See p. 25","Sets or reads the Scope Edge Number setting for the Fixed or SCROLL-F mode."
"27","17","See p. 25","Sets or reads the ON/OFF status of the Scope Hold function."
"27","19","See p. 25","Sets or reads the Scope Reference level setting."
"27","1A","See p. 25","Sets or reads the Scope Sweep speed setting."
"27","1B","00/01","Sets or reads the Scope during Tx (CENTER TYPE) setting. (00=OFF, 01=ON)"
"27","1C","00 ~ 02","Sets or reads the CENTER Type Display setting. (00=Filter Center, 01=Carrier Point Center, 02=Carrier Point Center (Abs. Freq.))"
"27","1D","See p. 25","Sets or reads the Scope VBW setting."
"27","1E","See p. 26","Sets or reads the Scope Fixed Edge frequencies."
"27","20","00/01","Sets or reads the Marker Position (FIX Type/SCROLL Type) setting. (00=Filter Center, 01=Carrier Point)"
"28","00","00","Stops the Voice TX memory transmission."
"28","00","01 ~ 08","Starts a Voice TX memory transmission. (01=T1 ~ 08=T8)"
